image_id,category,siglip,hyperiqa,mllm,vl,frontier,spread,ood_classification,ensemble_mean,siglip_normalized,hyperiqa_normalized,mllm_normalized,vl_normalized,frontier_normalized
ood_0000,arabic_cursive_blur,3.05790599297899,1.4874585934279096,2.6462222772145165,2.117472159027769,3.090792126129828,0.5472962697705072,strong_ood,-0.43295181662861487,0.05629836564682165,-1.2227948650817975,-0.36061913555104586,-0.7084572414339323,0.07081379327687971
ood_0001,arabic_cursive_blur,2.131363244415389,1.1061637468421612,2.308542950649888,1.3134298322249407,2.9133479707244483,0.5949236255490603,strong_ood,-0.8761454955967529,-0.7208785108165953,-1.5412965148671198,-0.6490932629796865,-1.3895781021544054,-0.07988108716595738
ood_0002,arabic_cursive_blur,4.040965997798947,5.0,4.5744366895118045,5.0,4.38526543342826,0.3652887685634673,strong_ood,1.356466478038311,0.8808814786294838,1.7112868382251325,1.286624051473997,1.7333916247827792,1.1701483970801625
ood_0003,arabic_cursive_blur,3.119617387349417,1.6887243977964248,1.8346033201372953,3.2802680016490693,2.3877307783358357,0.6276081331208203,strong_ood,-0.4500553975113631,0.10806140495975437,-1.0546743375930372,-1.053972420838957,0.2765711317833244,-0.5262627658678997
ood_0004,arabic_cursive_blur,4.181669000812066,4.538105214439325,3.7781149221756225,4.6629988196687355,5.0,0.42170613725287587,strong_ood,1.2141647892583751,0.9989020670591954,1.3254587774851914,0.6063389143239971,1.4479109649227728,1.6922132225007191
ood_0005,arabic_cursive_blur,4.268627655393745,1.9397079374122876,2.301467300486471,2.6492394531641037,2.619882888916547,0.7517932835291964,strong_ood,-0.2030825135064597,1.0718423125621919,-0.84502379509971,-0.6551378794140045,-0.25798618411364094,-0.32910702146713494
ood_0006,arabic_cursive_blur,2.510474342806406,1.0,1.2692396641947004,1.5693131970430279,2.5882113300599587,0.6091773785702211,strong_ood,-1.019726342549109,-0.4028830597303784,-1.6299767811214279,-1.5369536829349408,-1.1728140191216396,-0.3560041698371576
ood_0007,arabic_cursive_blur,4.95085372265083,3.950914986482672,5.0,4.782164995032918,4.588928506125143,0.3415890431232622,strong_ood,1.40424052452564,1.6440882502857952,0.8349694409083469,1.650176081465475,1.548859093183094,1.3431097567854884
ood_0008,arabic_cursive_blur,1.1996284934497323,1.174299277182334,1.0,1.1688079145889305,1.1604827891025644,0.11618863182415205,in_distribution_like,-1.5668699053811221,-1.5024103986550146,-1.4843818226894943,-1.7669608852943703,-1.5120903154242926,-1.5685061048424398
ood_0009,arabic_cursive_blur,1.366182961685512,1.0,1.5242727186056428,1.5638705471163938,1.0670227081563388,0.2049714699147322,in_distribution_like,-1.4274134904473663,-1.3627058015544704,-1.6299767811214279,-1.3190829634416144,-1.1774246002801838,-1.6478773058391356
ood_0010,arabic_cursive_blur,1.841139511226653,2.394221515887756,2.683852082941489,2.552049231276773,3.0146791645320237,0.3516663703606465,strong_ood,-0.4184586482335154,-0.9643159288794394,-0.46536137403493494,-0.32847258550063846,-0.34031802831983027,0.006174675567265784
ood_0011,arabic_cursive_blur,2.653251324395004,4.200634842307092,4.391029662360214,4.307139646315579,4.542241780848833,0.6503237640240808,strong_ood,0.8680600287954823,-0.283122834145617,1.0435644082319973,1.1299423183631907,1.1464553097044918,1.3034609418233487
ood_0012,arabic_cursive_blur,1.8356537602600858,3.121105913424323,2.4415886078598987,1.1282098979943915,1.7927959055225267,0.6315996504531828,strong_ood,-0.7881058903261972,-0.9689173342736993,0.14181672420495842,-0.5354344545998898,-1.5464817337422458,-1.0315126532201095
ood_0013,arabic_cursive_blur,1.2702352086731201,1.0,1.8206393734266304,1.1156841806210107,1.08164955461381,0.2369071861848938,in_distribution_like,-1.4663224726557038,-1.443186033152479,-1.6299767811214279,-1.0659016004656765,-1.557092527619756,-1.63545542091918
ood_0014,arabic_cursive_blur,1.0,1.3668669627871917,2.3258056631276642,1.2099198874170087,2.812785050878649,0.6318626865368745,strong_ood,-1.054055621838465,-1.66985723176971,-1.3235269721461749,-0.6343459997410974,-1.4772635141662984,-0.1652843913690434
ood_0015,arabic_cursive_blur,1.6621142709833623,1.9492771295202118,2.3498075497847455,2.1273625047770053,1.9238216151480136,0.19523788367729314,in_distribution_like,-0.8371341303666643,-1.1144809128870208,-0.8370304967355237,-0.6138415661991243,-0.7000789252869083,-0.9202387507247444
ood_0016,arabic_cursive_blur,1.0,1.298785876433968,1.0,2.163004367294284,1.0,0.45455199404657115,strong_ood,-1.4383793549231663,-1.66985723176971,-1.3803961863955794,-1.7669608852943703,-0.6698859674460175,-1.7047965037101547
ood_0017,arabic_cursive_blur,3.0351803929560597,1.909841914063486,1.9113030530502308,2.7400739314642144,3.734665764734905,0.6644700527481128,strong_ood,-0.2769194947393321,0.03723630847896978,-0.8699713594171865,-0.9884490476696073,-0.18103842156377403,0.6176250464749377
ood_0018,arabic_cursive_blur,1.0724633201544502,1.0,1.8069080228309882,1.5052231370331168,2.1157588920723005,0.3694078091967286,strong_ood,-1.2602052005283362,-1.6090755604403397,-1.6299767811214279,-1.0776320768966536,-1.2271060325920726,-0.7572355515911863
ood_0019,arabic_cursive_blur,1.9640011758387543,1.4990193763355706,2.518200380727064,2.646707483649618,1.910789879322201,0.38016003621568484,strong_ood,-0.7471643504451466,-0.8612605168238624,-1.213137959246665,-0.46998622431154,-0.2601310677814973,-0.9313059840621686
ood_0020,arabic_cursive_blur,4.721290309170168,3.3126580136877646,3.956020534128637,2.005457026563628,3.704232974898763,0.8231895968542335,strong_ood,0.4600217411363162,1.4515322382553002,0.30182324015987405,0.7583208751236666,-0.8033475735649211,0.5917799257076611
ood_0021,arabic_cursive_blur,4.3668571882608,3.216856310463016,3.771497847619475,3.46636632429094,3.227215172034687,0.3924778586955892,strong_ood,0.5195222700070068,1.154236483417697,0.221798553745802,0.6006860518045929,0.4342188643355325,0.18667139673140953
ood_0022,arabic_cursive_blur,1.7256270024402929,2.515314272999672,2.972478078573484,2.265189907374725,1.559607426630274,0.47771246644212984,strong_ood,-0.6640385123393445,-1.0612069259869237,-0.3642106680588315,-0.08190394569014976,-0.5833224860313825,-1.229548535929435
ood_0023,arabic_cursive_blur,2.30834862182566,1.0,2.2216382200776845,1.0,2.4057971970412293,0.575085947245011,strong_ood,-1.0183493471948437,-0.5724245479436977,-1.6299767811214279,-0.7233346048358316,-1.6550909862203664,-0.5109198158528946
ood_0024,arabic_cursive_blur,2.0052332843358873,1.0,2.350494042739493,1.2225203695512818,2.023601635005531,0.4454136410224657,strong_ood,-1.0743993885486356,-0.82667534377979,-1.6299767811214279,-0.6132551060858522,-1.4665893855157384,-0.8355003262403692
ood_0025,arabic_cursive_blur,4.3643833693336695,4.477121128285828,5.0,5.0,4.292501276794845,0.29335364165464267,soft_ood,1.380323036280077,1.1521614632745854,1.2745178003792472,1.650176081465475,1.7333916247827792,1.0913682114982979
ood_0026,arabic_cursive_blur,1.2981442664161058,1.535069720720523,2.799823791019149,2.438260651477739,1.3705418230065822,0.5589643851999065,strong_ood,-0.9318048183364749,-1.4197761318226627,-1.1830245332070757,-0.22939978280802545,-0.43671068431477295,-1.3901129595298376
ood_0027,arabic_cursive_blur,2.4255630277470686,1.0,1.7118670122439918,1.951226084060138,1.141517034920125,0.49143629843365255,strong_ood,-1.1393614902124702,-0.4741060127096353,-1.6299767811214279,-1.1588241145554135,-0.8492877249777679,-1.5846128176981076
ood_0028,arabic_cursive_blur,2.5432813379401975,2.216877086061028,2.5844808720869685,3.3683810652047614,3.0584354214804845,0.3906070805338081,strong_ood,-0.2015360675035392,-0.37536480647788906,-0.6134999969033864,-0.41336384501130585,0.35121352769849384,0.0433347831763917
ood_0029,arabic_cursive_blur,1.08167278523221,1.3544112592153867,1.1221898369063088,1.8598213194611022,1.0,0.3241246406589155,soft_ood,-1.4458746555251145,-1.6013507325097038,-1.333931419445634,-1.6625760331306443,-0.9267185888294351,-1.7047965037101547
ood_0030,arabic_cursive_blur,1.6347926014972949,1.2300614264651588,2.5780646686069186,1.9771613177604377,1.0662116498340004,0.488513315803256,strong_ood,-1.0939859177017404,-1.1373981174993992,-1.4378028125056754,-0.41884510653578877,-0.827317452876326,-1.6485660990915127
ood_0031,arabic_cursive_blur,1.4962244903382722,1.411985707769989,1.7466518224695828,1.099722250768375,1.0,0.23938601921560462,in_distribution_like,-1.3887970506278369,-1.2536279751880566,-1.2858385668557757,-1.1291079993295152,-1.570614208055683,-1.7047965037101547
ood_0032,arabic_cursive_blur,2.314427246707005,2.9546534625826197,3.940276767498035,3.5909966256002814,3.8183647778397622,0.5579961197201692,strong_ood,0.28176482538109393,-0.5673258445047035,0.0027763446178448135,0.744871223386299,0.5397957665332288,0.6887066368728006
ood_0033,arabic_cursive_blur,3.4578438870264088,4.511041333614038,5.0,2.9339633782968657,2.435165428976295,0.8937312723711659,strong_ood,0.5684043400184605,0.39176317151464723,1.302851887385226,1.650176081465475,-0.016790666801409556,-0.4859787734716359
ood_0034,arabic_cursive_blur,4.200838524838234,3.8914511865040518,3.913674832928741,4.466467442076589,3.636800669074194,0.2880321466134267,soft_ood,0.8676726720446215,1.014981315241801,0.7852983830241808,0.7221456098852838,1.2814251760509028,0.5345128760209394
ood_0035,arabic_cursive_blur,4.4224991326267755,3.3736514859373536,3.559992901385568,5.0,5.0,0.6672338338769461,strong_ood,1.079857225841883,1.200908515107265,0.35277205762116803,0.4200007091974833,1.7333916247827792,1.6922132225007191
ood_0036,arabic_cursive_blur,3.7907988760470346,2.2891510159970103,2.347562192173956,3.256008570077773,3.280636288457259,0.5600847621157794,strong_ood,-0.0019570123467856637,0.6710432357870393,-0.5531284337228113,-0.6157597398229806,0.25602046627528485,0.23203940974953943
ood_0037,arabic_cursive_blur,5.0,4.680426882960059,4.310808081846387,4.322591755946203,3.6587158048774007,0.42798044755160203,strong_ood,1.180746770641273,1.6853117668253677,1.4443423308034484,1.0614102862867658,1.1595451109011623,0.5531243583896208
ood_0038,arabic_cursive_blur,4.910625560363079,4.790301194383293,3.8709668790919824,3.1844709436172405,4.121508736407931,0.5934787870188538,strong_ood,0.994739998877263,1.6103451795412165,1.5361220906682502,0.6856608779277187,0.1954194654517966,0.9461523807973341
ood_0039,arabic_cursive_blur,5.0,3.660536059769994,4.153487760892352,5.0,3.671142772795127,0.5742355556187704,strong_ood,1.100361340582541,1.6853117668253677,0.5924113049958537,0.9270140151981265,1.7333916247827792,0.5636779911105776
ood_0040,arabic_cursive_blur,4.412650225460333,4.392372839528893,3.722595971951979,4.2258130987933935,3.219374842880577,0.4548774480925276,strong_ood,0.8425716749657681,1.192647328108543,1.2037262068728911,0.5589099500327691,1.07756191168153,0.1800129781331079
ood_0041,arabic_cursive_blur,2.575818216886503,2.37646907284058,1.853315678945441,2.619031982359459,2.3869177678191247,0.2975818374282386,soft_ood,-0.5353557835523883,-0.34807312458996786,-0.4801902720619477,-1.0379867475843099,-0.2835755564996217,-0.5269532170260944
ood_0042,arabic_cursive_blur,2.8010611429809056,3.2055518350805774,3.104230801760134,1.6168457944104737,2.8527124940162873,0.5226799666960206,strong_ood,-0.23601182322286413,-0.1591411038937723,0.21235574566301668,0.03065032952794509,-1.1325481742127887,-0.13137591319872127
ood_0043,arabic_cursive_blur,2.3625645966093107,3.6069636113747947,2.9894692614240213,2.9459515339156215,3.0510731543701013,0.3819409357584407,strong_ood,-0.0032457520576381097,-0.5269486084880183,0.5476613867903037,-0.06738864593326298,-0.006635252588371163,0.03708235993115813
ood_0044,arabic_cursive_blur,1.494117549805164,1.451765299715662,1.41487598408931,1.0,1.0,0.21507875913033692,in_distribution_like,-1.4560863322710242,-1.2553952605776988,-1.2526100410156435,-1.4125388698312578,-1.6550909862203664,-1.7047965037101547
ood_0045,arabic_cursive_blur,2.420099038262885,2.5105415618712614,3.343093677611975,3.212719401489324,3.22640145278231,0.3514062862538658,strong_ood,-0.04136995456409403,-0.478689164741131,-0.3681973895735835,0.2347071202929184,0.21934931752359899,0.18598034367772695
ood_0046,arabic_cursive_blur,1.4672538947968325,1.4777165419309348,1.5615189153026428,2.1223934496942807,1.0,0.3559396165119705,strong_ood,-1.241041956912332,-1.2779282861959254,-1.2309325556429582,-1.2872641245404826,-0.7042883144721406,-1.7047965037101547
ood_0047,arabic_cursive_blur,1.0,1.0,1.3031430211346429,2.1491849960737675,1.0,0.42977914554988456,strong_ood,-1.4388427476353993,-1.66985723176971,-1.6299767811214279,-1.507990579360758,-0.6815926422149468,-1.7047965037101547
ood_0048,arabic_cursive_blur,4.315492232988654,5.0,5.0,5.0,4.2727297943296545,0.3332511314568074,soft_ood,1.4561167466889169,1.111151957031865,1.7112868382251325,1.650176081465475,1.7333916247827792,1.0745772319393325
ood_0049,arabic_cursive_blur,4.06210508287015,3.728554103329641,3.9709935091060733,2.6972357542273953,3.82014687802624,0.44395117363814923,strong_ood,0.5583690506418473,0.8986127793518743,0.6492278585970985,0.7711120516981086,-0.21732752622728216,0.6902200897894374
ood_0050,arabic_cursive_blur,3.1938753517565073,2.840986534903863,3.7399029458995035,3.3370441235925794,3.149370193050356,0.2479203914131304,in_distribution_like,0.21942014070200438,0.170348409979116,-0.09217144792613681,0.5736950251474779,0.3246673572647689,0.120561359044796
ood_0051,arabic_cursive_blur,1.1475194194763458,1.9159083905545695,2.9000265541486745,3.8680964673662466,2.301486692141657,0.8639798994984202,strong_ood,-0.47595883257180144,-1.5461190860402654,-0.8649039351178668,-0.14379814129267976,0.7745327653671529,-0.5995057657753481
ood_0052,arabic_cursive_blur,2.3720400598874383,2.245984302285305,3.5107658009573544,2.5958028208983137,3.200212487519585,0.4262700500051682,strong_ood,-0.17395086484151656,-0.5190006633284934,-0.5891862762457284,0.3779467730375714,-0.3032534589194407,0.1637393012485083
ood_0053,arabic_cursive_blur,3.8565798859033755,4.91041922526612,4.595697968735347,4.469218920274689,4.597120047199085,0.3306524648925409,soft_ood,1.260257621928517,0.7262198370286074,1.636458592322334,1.30478722727284,1.2837560100581065,1.3500664429606977
ood_0054,arabic_cursive_blur,3.0715887968013753,2.8799117977166464,4.549327392531492,4.58456626388657,3.936475448875562,0.6648116859916916,strong_ood,0.6887547903811164,0.06777539544650299,-0.059656556798672614,1.2651735747438027,1.3814691270716724,0.789012411442277
ood_0055,arabic_cursive_blur,3.715303155975132,4.17648362852046,3.3054191911318314,3.805201487083587,3.5133453387445797,0.3086158924902778,soft_ood,0.5969104382977775,0.6077180109090743,1.0233905152349139,0.20252240017917014,0.7212531286153585,0.42966813655037045
ood_0056,arabic_cursive_blur,3.0191282624832754,1.7423286697654852,3.1883010841089323,4.592371816111869,2.6961687727889045,0.8683409985537762,strong_ood,0.048020927720673026,0.02377190584804747,-1.0098978366500921,0.10247024693294911,1.3880813715678477,-0.26432104909538706
ood_0057,arabic_cursive_blur,3.1112197142079117,2.3920364528025675,2.7420204961877466,1.7952592116130197,2.6305881386517673,0.39181862810091317,strong_ood,-0.38927507254830573,0.10101750181357619,-0.4671865919830643,-0.27878022670025115,-0.9814104837726695,-0.32001556209912
ood_0058,arabic_cursive_blur,4.319509640598998,4.601362987314861,3.6212183725097566,3.0196462436675287,4.284731122656228,0.5416275192518142,strong_ood,0.821137568056835,1.1145217273991015,1.3782990012726704,0.4723046643689216,0.055793058040944185,1.0847693892025378
ood_0059,arabic_cursive_blur,5.0,3.1551710536568214,4.647856123701281,5.0,4.623876954569913,0.6350544296222843,strong_ood,1.2622220395983734,1.6853117668253677,0.17027187764165494,1.3493451171358604,1.7333916247827792,1.3727898116062043
ood_0060,aged_yellowed_bleedthrough,3.098068488957834,4.067181965612734,2.665181804064832,1.844400335883888,2.6846661322871874,0.6885353471596043,strong_ood,-0.10724371475273427,0.08998635600042569,0.9320890977829976,-0.34442231053292355,-0.9397820225034239,-0.2740896945107471
ood_0061,aged_yellowed_bleedthrough,2.728628401511697,2.1776154740741642,2.4685567265325115,2.3855927275714186,3.1993074813454006,0.3205125461610601,soft_ood,-0.339389007106632,-0.21989712605895764,-0.6462958458455385,-0.5123960157898519,-0.48132677039332383,0.16297072255451175
ood_0062,aged_yellowed_bleedthrough,3.406064934832763,2.7290425646169103,2.148551219873515,2.6173394113145343,2.1471962518630057,0.4612803226312354,strong_ood,-0.3277333964311417,0.34833138771968297,-0.18568002675738865,-0.7857716773826448,-0.2850093683880256,-0.7305372973473323
ood_0063,aged_yellowed_bleedthrough,3.2878235472429456,3.0286193145706535,2.5254582325896338,3.3473607983142255,3.6720586318220243,0.3870641676665635,strong_ood,0.14955785633767213,0.24915142822162795,0.0645611971982422,-0.46378595583682647,0.3334068254891873,0.5644557866161296
ood_0064,aged_yellowed_bleedthrough,5.0,5.0,5.0,5.0,4.272425266811484,0.2793205226997591,soft_ood,1.5708969845005614,1.6853117668253677,1.7112868382251325,1.650176081465475,1.7333916247827792,1.0743186112040517
ood_0065,aged_yellowed_bleedthrough,4.623756152553447,3.939309465584334,4.57076595042869,4.083260652364214,3.6617605153212613,0.33422728627518455,soft_ood,0.9981995163191639,1.3697213436091653,0.8252751647180511,1.2834881969199372,0.9568027902112223,0.5557100861374434
ood_0066,aged_yellowed_bleedthrough,1.0632648513403284,3.0698546971109515,2.8388456377257105,2.1153042468924466,1.9520374784918322,0.6642755932683142,strong_ood,-0.6640839031095627,-1.616791164790261,0.09900576807617624,-0.19606403408496845,-0.7102937245771129,-0.8962763601716472
ood_0067,aged_yellowed_bleedthrough,2.3457315908226204,2.7747404086105956,1.374232936089176,3.251492196129956,3.658234949653921,0.778443686341461,strong_ood,-0.26618498717090555,-0.541068003280187,-0.14750789085271981,-1.4472595852720207,0.2521945526285435,0.552715990921856
ood_0068,aged_yellowed_bleedthrough,2.573713419585184,3.9060221197994816,3.1670134820597404,5.0,2.4744188837449266,0.9107456014564612,strong_ood,0.36253292605599546,-0.34983861225339574,0.797469715354167,0.08428458395895755,1.7333916247827792,-0.45264268156253085
ood_0069,aged_yellowed_bleedthrough,1.872458476810741,1.4379245811771089,1.0149358930918544,1.5603903207979983,1.0,0.35122209437727575,strong_ood,-1.3683175798794172,-0.9380458232804898,-1.2641714133452644,-1.7542013871904334,-1.1803727718707435,-1.7047965037101547
ood_0070,aged_yellowed_bleedthrough,4.088102606255461,4.440803182400822,3.4647440439351262,3.127245331556474,2.9325102733967228,0.5471292520334384,strong_ood,0.5173132533696155,0.9204193004775361,1.2441808425505059,0.3386311112385976,0.1469424676088169,-0.06360745502737912
ood_0071,aged_yellowed_bleedthrough,3.4094161839649013,4.809300571062171,4.374738881669958,3.322359889584327,4.313002088659065,0.5388307526015568,strong_ood,0.8880333876064969,0.3511423895183628,1.5519925721900996,1.1160253611346778,0.31222803936655297,1.1087785758227913
ood_0072,aged_yellowed_bleedthrough,4.522971477319608,2.257131082276893,3.6857811123083652,3.162883638888915,3.4858539135684605,0.6713618575457339,strong_ood,0.3632443463479447,1.2851839391396525,-0.5798751936310402,0.5274595955792022,0.17713241377920735,0.4063209768727017
ood_0073,aged_yellowed_bleedthrough,1.1248162754304052,3.588677315485412,1.8806102376243388,1.599070109833578,1.7405191542055394,0.804531257760889,strong_ood,-0.8541920651321501,-1.56516230730866,0.5323865529933536,-1.0146694362210456,-1.1476063237346605,-1.075908811389738
ood_0074,aged_yellowed_bleedthrough,3.261407818176986,3.4136092074098823,4.037373297543985,3.5018856040539665,2.065714110316946,0.6116863930779258,strong_ood,0.22110690636759833,0.22699411941227923,0.3861493778882037,0.8278192589273298,0.4643079797936252,-0.7997362041834462
ood_0075,aged_yellowed_bleedthrough,3.7712630039317023,4.869626116273371,4.659148811931439,3.816030120526079,3.9250148187370857,0.42697447840933506,strong_ood,1.0251476342104673,0.6546566976665691,1.6023834595729562,1.3589922827372014,0.7304262876455612,0.7792794434300494
ood_0076,aged_yellowed_bleedthrough,1.8932329793164373,1.984448141641984,2.1767199727951465,3.1939836662104857,2.0765587587409366,0.4617240152916701,strong_ood,-0.6154055898157317,-0.920620331588403,-0.8076515909210051,-0.7617075556536367,0.2034778892244236,-0.7905263601400379
ood_0077,aged_yellowed_bleedthrough,2.5904482595976144,4.170483612901598,4.148555971354717,4.278594795899866,4.0568629524614845,0.5991567599583675,strong_ood,0.7237808165397978,-0.3358015581518571,1.0183786067592102,0.9228008651127932,1.1222743773876593,0.8912517915911831
ood_0078,aged_yellowed_bleedthrough,3.8677229165832845,2.8630913166643728,4.03095094809366,3.2860605470210777,4.151980313179269,0.43237538347105253,strong_ood,0.5475401715425504,0.7355665248005134,-0.07370697214864012,0.8223327469972914,0.2814781165999487,0.9720304414636387
ood_0079,aged_yellowed_bleedthrough,4.800791950260687,4.72468656644923,4.815332358264881,3.496186372609268,4.277040639009858,0.4552271944673575,strong_ood,1.2059332885161091,1.5182175986363855,1.4813131483649888,1.4924174251811149,0.45948004313201446,1.0782382272660413
ood_0080,aged_yellowed_bleedthrough,2.2107142050319677,1.2769920546497933,1.0,2.3920003033641866,1.9922582024576134,0.5374275678752075,strong_ood,-1.0315797861705542,-0.6543195400492244,-1.3986009123590757,-1.7669608852943703,-0.4758987806052041,-0.8621188125448969
ood_0081,aged_yellowed_bleedthrough,1.553280820179372,2.8312362583908106,2.451337693003662,1.6953895462800541,1.214725701971233,0.5669663451234312,strong_ood,-0.8843287721484835,-1.2057695679239384,-0.1003160089740446,-0.527105964790679,-1.066012139859534,-1.5224401791942208
ood_0082,aged_yellowed_bleedthrough,2.9541283860877514,3.1747190956114677,2.8600853938861386,1.7326697290664381,3.366034772014764,0.5284758477242452,strong_ood,-0.1503870222653673,-0.03074948670064602,0.18660066799478495,-0.17791924509977747,-1.0344313270828636,0.3045642795616656
ood_0083,aged_yellowed_bleedthrough,1.1923242966276426,1.7654592973063559,1.6561296904851188,1.6043336351965485,1.0,0.2897735010988213,soft_ood,-1.310699434905446,-1.5085371023392924,-0.9905764555763504,-1.2064396302080216,-1.1431474826934107,-1.7047965037101547
ood_0084,aged_yellowed_bleedthrough,3.709174055287905,1.0192414429462158,2.331561030451428,3.300638242211715,2.0538565272341573,0.891036710696393,strong_ood,-0.43134710227116085,0.6025769687553113,-1.613904097796447,-0.6294292801312689,0.29382718326544327,-0.8098062854488429
ood_0085,aged_yellowed_bleedthrough,2.486329298418962,4.0062638385510825,3.72004062721333,2.471665719882795,4.0718853459071545,0.669568061451324,strong_ood,0.3020782951212735,-0.4231357358299918,0.8812032173555405,0.5567269592904561,-0.4084125609622973,0.9040095957526599
ood_0086,aged_yellowed_bleedthrough,1.0546909665425308,1.8054547531779659,2.6795241696149685,1.0,2.35130702805642,0.6039972565491849,strong_ood,-1.0251214104615702,-1.623982872908035,-0.9571676151656026,-0.332169853654885,-1.6550909862203664,-0.5571957243589624
ood_0087,aged_yellowed_bleedthrough,2.877119453421178,2.9157976803826884,2.5164430756638048,2.7145698521473154,2.9523658711399863,0.1819421539516238,in_distribution_like,-0.16918008948102714,-0.0953439825750918,-0.02968050824862626,-0.4714874623349243,-0.20264345388251337,-0.04674504036397992
ood_0088,aged_yellowed_bleedthrough,4.341734792580477,5.0,5.0,5.0,5.0,0.2539006935731198,in_distribution_like,1.5840463559205076,1.1331640126284317,1.7112868382251325,1.650176081465475,1.7333916247827792,1.6922132225007191
ood_0089,aged_yellowed_bleedthrough,2.902687839336787,2.6752289972004903,3.216521807988988,2.626098348832014,2.645349180804713,0.1801623367559705,in_distribution_like,-0.15260384203918048,-0.07389741863305017,-0.23063135551632302,0.12657876663276418,-0.27758949152081464,-0.30747971115847883
ood_0090,aged_yellowed_bleedthrough,2.951649974666416,2.943422012113296,2.92763766847548,2.3830959383618766,3.563560679689701,0.341516992502825,strong_ood,-0.034154488032537546,-0.03282835899230298,-0.006605464593566144,-0.1202104014277898,-0.48344185209829216,0.47231363694926337
ood_0091,aged_yellowed_bleedthrough,2.874562669621191,4.0006576052754665,3.3496564704181733,3.672832070681822,2.9078338352355653,0.429241935795038,strong_ood,0.3087803082686855,-0.09748859301054837,0.8765202415341942,0.24031361076872979,0.6091202621888545,-0.08456398013780242
ood_0092,aged_yellowed_bleedthrough,1.8166988369925683,1.0,1.2554921229959355,1.3783048464638499,1.879991019877264,0.31153336203178816,soft_ood,-1.2911148953895186,-0.98481657700318,-1.6299767811214279,-1.5486979907430292,-1.334621137745124,-0.9574619903348316
ood_0093,aged_yellowed_bleedthrough,1.9995450973984652,1.9279878919233828,1.7180534285313465,1.9019162559125016,1.7200640642759482,0.14785762241901867,in_distribution_like,-0.9648277776086683,-0.8314465508974531,-0.8548137355020011,-1.1535391566085922,-0.8910590987852228,-1.0932803462500726
ood_0094,aged_yellowed_bleedthrough,3.6016586494418323,3.3840214417450754,3.3257031657903733,2.911479996317509,4.075686151972397,0.3512737998022679,strong_ood,0.3930158883736031,0.5123938796137837,0.36143424663981105,0.21985068008880101,-0.03583680401980759,0.9072374395454271
ood_0095,aged_yellowed_bleedthrough,2.345150399241839,1.8411981899444734,2.5292542183523676,1.6232994506962206,2.7324582869362617,0.3623921631697226,strong_ood,-0.6579984801772044,-0.5415555022737076,-0.9273105539410161,-0.46054310501804346,-1.1270811486873775,-0.2335020909658772
ood_0096,aged_yellowed_bleedthrough,2.0941675628695795,2.316938354340609,2.7397703035673,2.6161673867492095,1.7863370768919833,0.32285402520691336,soft_ood,-0.5771395525616082,-0.7520779602176242,-0.5299172280513265,-0.2807025307966659,-0.28600221460284353,-1.036997829139581
ood_0097,aged_yellowed_bleedthrough,1.1551046716922366,1.9243314133818223,1.3835780044272659,1.244259859412758,1.607368550384464,0.2768151008239416,soft_ood,-1.294812325245599,-1.5397566352699452,-0.8578680501834605,-1.4392762406532749,-1.4481734146738157,-1.188987285447499
ood_0098,aged_yellowed_bleedthrough,3.374010249513276,5.0,3.8087601492512793,4.95309224144866,5.0,0.6783723657908161,strong_ood,1.2102235938944101,0.3214441661087671,1.7112868382251325,0.6325186488977412,1.6936550937396917,1.6922132225007191
ood_0099,aged_yellowed_bleedthrough,1.4402478141560981,1.0,1.6740297642979884,1.0,1.0,0.23344093491933235,in_distribution_like,-1.4963185855214625,-1.3005807773307632,-1.6299767811214279,-1.1911478792246,-1.6550909862203664,-1.7047965037101547
ood_0100,aged_yellowed_bleedthrough,3.763331758665201,4.54546599024116,4.132524610616889,3.4146217330668884,3.0479299599703005,0.4942845195298301,strong_ood,0.6627029708677521,0.6480040306069641,1.331607350584401,0.9091055262616197,0.3903849524414912,0.034412994444284396
ood_0101,aged_yellowed_bleedthrough,3.3188752808809543,3.067963122875332,2.4037053071578414,3.3913573284218157,2.8085949680851243,0.3786555330354739,strong_ood,0.0013319783554638198,0.27519738173534763,0.09742570603198399,-0.5677975614128596,0.3706771947926987,-0.1688428293698516
ood_0102,aged_yellowed_bleedthrough,3.7833833274040853,3.2468439272635203,3.8891558678948877,2.3203229526143163,3.2368879939590656,0.49934592038622766,strong_ood,0.2542276364021897,0.6648231310584399,0.2468476870074096,0.7011994444343157,-0.5366181447598812,0.19488606427066438
ood_0103,aged_yellowed_bleedthrough,2.7267518452924424,1.4066940053291397,2.046452721011688,2.7806935993300295,1.9384896948162527,0.4888696157190445,strong_ood,-0.687826660681506,-0.22147116687169846,-1.2902588100682801,-0.8729928160605037,-0.14662866200676464,-0.9077818484002834
ood_0104,aged_yellowed_bleedthrough,1.0489963886993476,1.079230162520215,1.1980812217735506,2.457977828356454,1.9322605199542668,0.5389925460428087,strong_ood,-1.224675414543443,-1.6287594406679187,-1.5637945662255004,-1.5977432189585317,-0.420007856566873,-0.9130719902983919
ood_0105,aged_yellowed_bleedthrough,2.9447200186273337,3.6518064145248483,4.1565006648356,3.660532156926592,2.9095768003918736,0.44158142630241864,strong_ood,0.39833660422166584,-0.038641152408292086,0.5851192934790022,0.929587891558569,0.5987007512197459,-0.0830837627406959
ood_0106,aged_yellowed_bleedthrough,3.070995687342129,3.667125073943437,3.9101728072289004,3.269264128385553,3.657516938947116,0.26654908512508474,soft_ood,0.4407405479483407,0.06727789982889373,0.5979152133321249,0.7191538845159167,0.26724952348154757,0.5521062185832207
ood_0107,aged_yellowed_bleedthrough,1.3928584544229907,1.0,1.878908281629122,1.1822691615011447,1.7461100748380685,0.26601719208802993,soft_ood,-1.311655700024214,-1.340330604990711,-1.6299767811214279,-1.0161233904078089,-1.5006870151531784,-1.0711607084479442
ood_0108,aged_yellowed_bleedthrough,3.5306990444354116,1.447334548163687,2.6869853072995737,2.5532783102754664,3.5384658689863455,0.707283836436232,strong_ood,-0.2035017137686134,0.45287351289625993,-1.256311118257388,-0.32579592130584767,-0.3392768501161749,0.4510018079400837
ood_0109,aged_yellowed_bleedthrough,3.7051142279190796,3.292538526674976,3.4810034361052256,1.857353218334882,2.811496632137554,0.602261486872409,strong_ood,0.02830440620980526,0.5991716170234287,0.28501711266093754,0.3525212537489706,-0.9288093682665338,-0.1663785841177767
ood_0110,aged_yellowed_bleedthrough,1.2090366194351754,1.3852361322876101,1.747974912409672,1.1666582291554342,1.228480945647552,0.17044415877406366,in_distribution_like,-1.3910698832098662,-1.4945189354947057,-1.3081829127038351,-1.1279777044433585,-1.513911358351925,-1.5107585050555066
ood_0111,aged_yellowed_bleedthrough,3.019231184018154,3.413076969080831,2.6546074527789543,3.642459228902603,2.645773946966015,0.4143790957209081,strong_ood,0.06647580746997217,0.023858235633825657,0.38570479074678343,-0.35345581220254296,0.5833908006349464,-0.30711897746315164
ood_0112,aged_yellowed_bleedthrough,1.5720253439124332,2.391331720216572,1.393977469416733,1.9691053518854362,1.674256145763072,0.37047425283912067,strong_ood,-1.010907774996651,-1.1900468066932892,-0.46777526632080313,-1.4303921415907666,-0.8341418279468952,-1.1321828324315015
ood_0113,aged_yellowed_bleedthrough,3.4243600783601886,2.011571069939811,3.8118485014926207,2.2826824098428293,2.4596587089094832,0.6239114732692599,strong_ood,-0.16396864150302232,0.36367721231669947,-0.7849953775280866,0.635156979550307,-0.5685042259223572,-0.46517779593167435
ood_0114,aged_yellowed_bleedthrough,1.0,1.3362271314947496,1.9891494829634144,1.8570799859856482,1.0,0.3816035470494069,strong_ood,-1.31495230887633,-1.66985723176971,-1.3491209105462632,-0.9219460693229525,-0.9290408290325693,-1.7047965037101547
ood_0115,aged_yellowed_bleedthrough,2.0143695865034865,2.7342698501429634,2.9557621221438164,3.1964614568776994,3.2947326386337075,0.42749502219597285,strong_ood,-0.12938439078351655,-0.8190118843311586,-0.18131359201835412,-0.0961841238527907,0.20557687687181356,0.24401076941290703
ood_0116,aged_yellowed_bleedthrough,2.5741719058256685,2.434811089954359,3.041558687489655,3.2100397825780407,2.6248113762168717,0.2716964236478678,soft_ood,-0.18232837990453787,-0.34945403754830684,-0.4314562572465567,-0.022889470086717593,0.2170793570023494,-0.32492149164345757
ood_0117,aged_yellowed_bleedthrough,1.6735620269753853,3.616180367188853,3.3039974381606436,3.140444857261114,2.6316090784301855,0.6412296017900325,strong_ood,-0.1018469966844096,-1.1048786238850417,0.5553602895127823,0.2013078190203086,0.15812405843973232,-0.31914852650982944
ood_0118,aged_yellowed_bleedthrough,2.5009189940893743,1.692792131215763,2.7430345432280854,3.3953639058821987,2.907049543500799,0.5189473366953882,strong_ood,-0.2902494484271732,-0.41089801217691574,-1.0512764951712283,-0.27791394229335736,0.374071249306235,-0.08523004180059954
ood_0119,aged_yellowed_bleedthrough,4.762987576409676,4.956987014342524,4.6880957608258536,4.901328632379474,4.7480607194095965,0.12383156812289232,in_distribution_like,1.5347288884705823,1.4865075828473329,1.6753574071909327,1.3837212050227048,1.649805071436266,1.4782531758556765
ood_0120,thermal_receipt_faded,3.288708578779033,3.73122237082056,3.296160329715294,3.6710068218284464,3.3498327415828077,0.21386356612614055,in_distribution_like,0.39886838269408625,0.24989378581479274,0.6514567048706215,0.1946127007750312,0.6075740561887505,0.29080466582123554
ood_0121,thermal_receipt_faded,4.212792948626816,4.022438881783801,3.960138923695761,3.2078957647583612,4.665521556334414,0.4342305893017402,strong_ood,0.8609963876138231,1.02500859326468,0.8947144882292504,0.761839150432001,0.21526311522743324,1.4081565909157514
ood_0122,thermal_receipt_faded,1.6845798683135895,1.6921540976166372,2.0571324083320977,1.750161917271905,1.0,0.3237385435389355,soft_ood,-1.147145112625192,-1.095636943962696,-1.0518094547843984,-0.8638693274765018,-1.019613333192209,-1.7047965037101547
ood_0123,thermal_receipt_faded,3.037530780338571,2.6648286484843697,2.733098662720478,2.3207686882466523,2.279183820111881,0.2608444548282113,in_distribution_like,-0.32824004648625627,0.03920779519909248,-0.2393189322147459,-0.28640200843832075,-0.5362405529000626,-0.6184465340772447
ood_0124,thermal_receipt_faded,1.538001670988794,1.4950038679601858,1.0,1.0522575641355023,1.6383865024504936,0.2747317058330719,soft_ood,-1.3951012802023186,-1.2185855998462225,-1.2164921772586283,-1.7669608852943703,-1.6108225243787337,-1.1626452142336376
ood_0125,thermal_receipt_faded,2.2680795439199524,3.077167369474357,2.728971798647952,2.9739982974542873,2.449149919205942,0.3066579009005813,soft_ood,-0.2495987946516857,-0.6062019383915077,0.10511415960818828,-0.28992752338307637,0.01712374004805042,-0.47410241114008306
ood_0126,thermal_receipt_faded,3.7392055759772904,4.051275190476746,3.657088084494939,4.115153197424393,3.7161003740837772,0.21121751506029054,in_distribution_like,0.7270389304532054,0.6277671755547345,0.9188019155172464,0.5029475940718203,0.9838196238004845,0.6018583433217414
ood_0127,thermal_receipt_faded,4.65888645229692,3.4328113997204377,5.0,4.603197684861364,4.83409932515128,0.5022826369243601,strong_ood,1.2800255164637933,1.3991883667618281,0.40218927453294245,1.650176081465475,1.3972521885695144,1.551321670989207
ood_0128,thermal_receipt_faded,4.504425716212587,4.0004835052687735,2.382741330662442,3.067935644319092,3.332509590879953,0.7178530281974808,strong_ood,0.3866177799838605,1.2696278984592462,0.8763748130295712,-0.585706756176038,0.09670000664184092,0.2760929379646819
ood_0129,thermal_receipt_faded,4.148717246176419,4.445388534612114,3.4986473073382363,2.926478295773736,4.508169039388992,0.5732596640575776,strong_ood,0.7676521468481432,0.9712623906584867,1.2480110601818757,0.36759413490573845,-0.02313143479429663,1.2745245832889114
ood_0130,thermal_receipt_faded,2.597258109635553,1.7703779411676432,1.5912857079436238,2.51226219260628,2.422291841872963,0.41277978874006593,strong_ood,-0.6898652629241078,-0.3300895087187637,-0.98646783412879,-1.2618348226616398,-0.3740224504893991,-0.4969116986219464
ood_0131,thermal_receipt_faded,1.0,1.0,1.8384638927298536,1.3660146811590042,1.094788634703354,0.2648641024247507,in_distribution_like,-1.463967564641144,-1.66985723176971,-1.6299767811214279,-1.0506743945092343,-1.3450323906005799,-1.6242970252047688
ood_0132,thermal_receipt_faded,3.8378245463307628,3.975366187669189,4.294366501864925,3.3111593157241277,4.063756139542801,0.2837165914309969,soft_ood,0.7626184149431094,0.7104880035555688,0.8553939181518049,1.0473645036001173,0.3027398019269174,0.8971058474811389
ood_0133,thermal_receipt_faded,1.5413868347960524,1.736453766395223,2.825965831330472,1.4593017971118405,1.0,0.5499191714164858,strong_ood,-1.081684377806304,-1.2157461506809026,-1.0148052368746505,-0.20706704972443823,-1.266006948041375,-1.7047965037101547
ood_0134,thermal_receipt_faded,1.302177289484295,1.0,1.887517635998586,1.0,1.1825527888464455,0.2646702012071367,in_distribution_like,-1.4519985378413272,-1.4163932633304108,-1.6299767811214279,-1.0087685546388512,-1.6550909862203664,-1.5497631038955808
ood_0135,thermal_receipt_faded,4.082631813164358,4.35273331022169,4.6725244068802505,4.720979845274776,3.935635645716697,0.2979464872880209,soft_ood,1.148438211537948,0.915830441633287,1.1706146775823465,1.3704188427251993,1.4970278891813222,0.788299206567585
ood_0136,thermal_receipt_faded,5.0,3.5752151706875317,5.0,4.641555581239407,5.0,0.5006408384826917,strong_ood,1.3957176869818924,1.6853117668253677,0.5211414093304703,1.650176081465475,1.4297459547874296,1.6922132225007191
ood_0137,thermal_receipt_faded,4.121375312841133,3.880154635398591,3.418750633163082,2.957647077331394,3.5781975244599,0.37560191383058505,strong_ood,0.5023092690083558,0.9483281888864353,0.7758621942159896,0.29933966519446703,0.0032722837842731082,0.4847440129606146
ood_0138,thermal_receipt_faded,2.3385745878381186,2.5589515552668964,3.147810901423809,3.699875639555141,2.962196236461669,0.4480947692777512,strong_ood,-0.04266360458710612,-0.5470712419143003,-0.3277597521371729,0.06788012192190065,0.6320294279055314,-0.038396578711489375
ood_0139,thermal_receipt_faded,4.820155618165906,2.855500305412243,3.7389274444132417,3.3695333341351916,5.0,0.7682867563933754,strong_ood,0.8143352718452881,1.5344596932000554,-0.08004786458133785,0.5728616696000194,0.3521896385069843,1.6922132225007191
ood_0140,thermal_receipt_faded,2.012909251444336,2.0191103210705132,1.509610090461703,2.3156919114606005,1.821697868663717,0.29492334197406733,soft_ood,-0.8956104649852398,-0.8202368020606644,-0.7786977211480532,-1.331609015606742,-0.5405411953649327,-1.0069675907458067
ood_0141,thermal_receipt_faded,3.2594488963706896,2.575101793910883,3.124755664109484,4.374948507889316,4.1413057578634165,0.6372707986938803,strong_ood,0.4252257664474854,0.22535099098348993,-0.3142692009309437,0.04818439599585013,1.2038975967831236,0.9629650494059069
ood_0142,thermal_receipt_faded,1.5250542095344657,2.766857193516107,3.266492807287635,3.2156472325162904,2.5902592862578677,0.5864985143369914,strong_ood,-0.2693411772992197,-1.2294458301667393,-0.15409286580239437,0.16926820387509842,0.22182954365430682,-0.35426493805636994
ood_0143,thermal_receipt_faded,4.586837211728522,4.226912718612167,3.569697549128775,4.569073557802076,3.8627066644372805,0.4047820466030152,strong_ood,0.9854538045872936,1.3387540221799763,1.0655147362549564,0.4282912368356573,1.3683449357804998,0.7263640918853779
ood_0144,thermal_receipt_faded,4.676482691915038,3.910866964824955,5.0,3.7329998481412057,4.3518733863812615,0.41231185154767425,strong_ood,1.1335040956276292,1.4139479561764685,0.8015166914604136,1.650176081465475,0.6600896291048117,1.1417901199309763
ood_0145,thermal_receipt_faded,4.078093175022821,2.8610342190701075,3.677068033374982,2.4786869588524523,3.392931737905047,0.5120029920954304,strong_ood,0.25631123740425277,0.9120234671362054,-0.07542529848693112,0.5200161495498122,-0.4024647244232019,0.3274065932453791
ood_0146,thermal_receipt_faded,1.041054240263274,1.0,1.0,1.06330403224407,1.8267108862012487,0.30015199074741716,soft_ood,-1.527306805230822,-1.6354212532216572,-1.6299767811214279,-1.7669608852943703,-1.601464833104013,-1.0027102734126416
ood_0147,thermal_receipt_faded,1.2168196517755325,2.849584239761289,1.3998035671751807,2.333162583244706,2.3642652200919607,0.6152971592312718,strong_ood,-0.8140655222862208,-1.4879905882888484,-0.08498964831363749,-1.4254149980851796,-0.5257414284791865,-0.5461909482642524
ood_0148,thermal_receipt_faded,1.2621236625181824,2.0105985758530522,1.2768572680435906,1.3601886882730514,1.8167603210856391,0.3154958962786342,soft_ood,-1.2254744522085737,-1.449989935199909,-0.7858077173061156,-1.5304460840073972,-1.3499677094970497,-1.0111608150323965
ood_0149,thermal_receipt_faded,4.534929062740293,4.284457955379121,4.6806279334645025,4.2268329036484715,4.459461839767538,0.12445222761714002,in_distribution_like,1.2195448599379142,1.2952138691150363,1.1135831877739837,1.3773415577882415,1.0784258094360422,1.233159875576268
ood_0150,thermal_receipt_faded,1.6363301539171398,1.1030227749077315,1.6687082948918321,1.416449475242429,1.2965687785489926,0.1711733445708434,in_distribution_like,-1.326193071625559,-1.1361084304462048,-1.5439202186805945,-1.1956939266809146,-1.3023080349152776,-1.452934747404803
ood_0151,thermal_receipt_faded,2.4338647892803182,1.0,1.7238333468800429,1.5406472703967418,1.736072978557536,0.4163788512629534,strong_ood,-1.10450061170549,-0.4671425594771132,-1.6299767811214279,-1.148601463445046,-1.1970975176139478,-1.0796847368699152
ood_0152,thermal_receipt_faded,4.2636386426609825,5.0,3.6620033147661735,2.7902838981417686,4.231770109494972,0.6926608550108726,strong_ood,0.8374757203182108,1.0676575673485518,1.7112868382251325,0.5071465978368135,-0.1385045218172891,1.0397921199978457
ood_0153,thermal_receipt_faded,2.908215495334654,2.070735172614116,2.344641593862756,2.2212651637043006,3.5507496550966504,0.5063159158853892,strong_ood,-0.31643769730543214,-0.06926086362331482,-0.7355746615688515,-0.6182547609365449,-0.6205320435613834,0.4614338431629337
ood_0154,thermal_receipt_faded,4.368785656665332,3.7897630632335364,4.274131173322238,4.1712766374795125,4.168548038847839,0.16904539352409964,in_distribution_like,0.9807504194281378,1.1558540677691105,0.7003566763233304,1.030077781300681,1.0313629489745972,0.9861006227729702
ood_0155,thermal_receipt_faded,2.109446892196032,3.9703559757064912,1.4693402853477302,1.0882581330334042,2.0582755063483544,0.9531050001758244,strong_ood,-0.7280885999926424,-0.7392617771987647,0.8512088084127608,-1.3660108755315346,-1.5803256989545433,-0.8060534566911304
ood_0156,thermal_receipt_faded,3.829227213921164,4.462955704498235,4.485537295606326,5.0,3.3830823254695104,0.5460095995037827,strong_ood,1.045814821017227,0.7032766277627431,1.2626851965907195,1.2106787001647583,1.7333916247827792,0.31904195578513384
ood_0157,thermal_receipt_faded,1.0891403599582141,1.0,1.0,1.2744203400721377,1.0,0.130757281456672,in_distribution_like,-1.623889001488435,-1.5950869887058585,-1.6299767811214279,-1.7669608852943703,-1.4226238486103644,-1.7047965037101547
ood_0158,thermal_receipt_faded,1.0,1.725137298996729,1.769090199843629,1.0,1.0,0.33568478213632047,soft_ood,-1.4327884061818366,-1.66985723176971,-1.024258062079178,-1.1099392471297749,-1.6550909862203664,-1.7047965037101547
ood_0159,thermal_receipt_faded,3.8764972410108314,1.9858303399951547,2.64928081475866,3.1161171944081425,2.869937409585486,0.5768354380829631,strong_ood,-0.08016179052313054,0.7429263601262437,-0.8064970186529626,-0.3580062751244668,0.13751559280382195,-0.11674761176828892
ood_0160,thermal_receipt_faded,2.197914414623737,2.553776825278889,1.5501234358206613,2.2559655173538866,2.6448300785345045,0.3999200094906178,strong_ood,-0.6386389023758698,-0.6650559050407769,-0.33208228639939075,-1.2969991030884407,-0.5911366573270629,-0.3079205600236779
ood_0161,thermal_receipt_faded,2.91760852082336,3.10266651335475,3.2231355827238803,3.219774453882248,3.0229553063521104,0.11202255843661785,in_distribution_like,0.08715795016383336,-0.06138206664263486,0.12641400005119832,0.13222881016687,0.22532579811188377,0.013203209131849586
ood_0162,thermal_receipt_faded,1.061149469623066,1.0,1.8571784752393414,1.0,1.0,0.2781036007735786,soft_ood,-1.5286233246426542,-1.6185655305797493,-1.6299767811214279,-1.0346868215815723,-1.6550909862203664,-1.7047965037101547
ood_0163,thermal_receipt_faded,1.5363137036963104,2.3982567432670834,1.2191921558051448,2.4628730505776693,1.027491108981362,0.6028537762393901,strong_ood,-1.0718022488254564,-1.2200014537288184,-0.46199068442535046,-1.5797084806879842,-0.41586101272347714,-1.681449612561652
ood_0164,thermal_receipt_faded,3.771090745782169,4.289371120921527,3.671666422968689,3.0128049964400563,4.280456108694557,0.4407542968301019,strong_ood,0.6837475200570131,0.6545122088658016,1.1176872330946506,0.5154016388999676,0.04999769622397829,1.0811388232006671
ood_0165,thermal_receipt_faded,1.504531214770426,2.562971777426581,2.511280990220431,2.3017060597993386,1.5654434631028291,0.4376449202178873,strong_ood,-0.7647880946484099,-1.246660359114398,-0.32440159662621165,-0.4758973505834555,-0.5523888991534965,-1.2245922677644872
ood_0166,thermal_receipt_faded,3.2056769144539023,3.896001025439689,4.977607677014232,3.7255081094290596,3.3160836485663694,0.5785184768783797,strong_ood,0.7032558933979934,0.18024746930343502,0.7890989358515635,1.6310466728039015,0.6537432225167403,0.2621431665143264
ood_0167,thermal_receipt_faded,4.274961975471815,3.5313552460168314,4.269110921216045,4.413724116442374,3.189925163774697,0.4566219791660021,strong_ood,0.7958394098022018,1.0771554911504713,0.48450451666809735,1.0257890590370495,1.2367452156113992,0.155002766543992
ood_0168,thermal_receipt_faded,1.0246866674523902,1.6558623759167646,2.0802764409845125,2.518501275447057,1.0,0.5620189011278361,strong_ood,-1.129781239387698,-1.6491502464409886,-1.082124507134207,-0.8440977450923859,-0.36873719456075404,-1.7047965037101547
ood_0169,thermal_receipt_faded,3.7993854035230354,4.9997567477119045,4.811219470178839,4.462340693615529,4.823332257665122,0.4007874836438313,strong_ood,1.3396680157706808,0.6782455484853049,1.7110836457199985,1.4889038497013753,1.2779293222008308,1.5421777127458949
ood_0170,thermal_receipt_faded,1.17644164330636,2.091864828399889,1.8865266109164778,1.5786921178430142,2.148695293067886,0.33479673132187443,soft_ood,-1.0287064838392956,-1.5218593488490426,-0.7179247240272719,-1.0096151717496158,-1.1648689416114573,-0.7292642329590899
ood_0171,thermal_receipt_faded,2.6505322363680115,3.976563620450058,2.7250989738656832,3.3682817764993143,2.121433454486277,0.6299253507449564,strong_ood,-0.02470648907062454,-0.28540358410877126,0.8563941527986377,-0.2932360165653948,0.3511294181855246,-0.7524164156631189
ood_0172,thermal_receipt_faded,1.2577003620269311,1.9659660198708702,1.0,1.0,2.1270214563822902,0.4742637303778798,strong_ood,-1.2893025659083057,-1.4537001653698383,-0.8230900011915441,-1.7669608852943703,-1.6550909862203664,-0.7476707914654087
ood_0173,thermal_receipt_faded,4.167366089410036,4.4375852752675655,4.391752264296896,4.425749414393301,4.013028416190336,0.16993815064227993,in_distribution_like,1.0919829388236633,0.9869048958277595,1.2414928735418091,1.1305596258107125,1.2469320938611108,0.8540252050769243
ood_0174,thermal_receipt_faded,3.4200546195451587,3.3591638313580225,3.0442485385926505,2.1721375966186764,4.136607782264255,0.5944131947824403,strong_ood,0.1953941610855471,0.36006582683147037,0.3406702893272734,-0.020591572676936298,-0.6621490202590153,0.9589752822049434
ood_0175,thermal_receipt_faded,3.580262695303817,3.038940299721493,2.945044975370333,2.151568629156675,3.902283009775151,0.5570925603575474,strong_ood,0.10853819357874805,0.4944471191089759,0.07318248024832139,-0.10533961345725583,-0.6795734174018357,0.7599743993955346
ood_0176,thermal_receipt_faded,5.0,3.7281786637112306,4.6062780260380345,4.857506393232993,4.927722405457819,0.43275971664723367,strong_ood,1.3783130530870185,1.6853117668253677,0.6489142479125344,1.3138256035027025,1.6126823476054981,1.6308312995889902
ood_0177,thermal_receipt_faded,2.7629329903925166,2.1673623952834546,2.3292488271731657,2.5696030192900867,1.4339165309017237,0.44294746257220097,strong_ood,-0.6278254708154921,-0.19112270277833868,-0.6548604056329613,-0.631404558955472,-0.3254478519597431,-1.3362918347509456
ood_0178,thermal_receipt_faded,4.432647950861779,4.6539137935933645,5.0,3.1714428977170153,5.0,0.6166141726482993,strong_ood,1.2316778466851797,1.20942126518588,1.4221955255690937,1.650176081465475,0.18438313870473058,1.6922132225007191
ood_0179,thermal_receipt_faded,3.5198526890995474,3.4342400223945324,3.963836054412019,4.211624820770938,4.136313574917377,0.2977815826748023,soft_ood,0.7272848010125115,0.44377567410360047,0.403382625774624,0.7649975509423682,1.0655427283417378,0.9587254259002269
ood_0180,messaging_compression,4.272350504813858,4.82645813350949,4.154938192217016,4.259120339203413,4.599853281619602,0.25279448545525873,in_distribution_like,1.2055414948945447,1.074965009802392,1.566324556990573,0.9282530958224405,1.1057771629189932,1.352387648938325
ood_0181,messaging_compression,4.392287782747702,4.572714255841599,4.474604807686384,5.0,5.0,0.2662398345711796,soft_ood,1.431375964898543,1.1755674689772706,1.3543682602196607,1.2013392480122858,1.7333916247827792,1.6922132225007191
ood_0182,messaging_compression,5.0,5.0,4.529135453183307,4.744729147976726,5.0,0.1966712581657661,in_distribution_like,1.5707764321378566,1.6853117668253677,1.7112868382251325,1.2479239191494889,1.5171464139885742,1.6922132225007191
ood_0183,messaging_compression,1.200878253405013,1.814787693924125,1.7265686895020667,1.0,2.0598385947036606,0.3602863128228785,strong_ood,-1.211363092136898,-1.5013621096906036,-0.949371661321438,-1.1462647033474285,-1.6550909862203664,-0.8047260001046548
ood_0184,messaging_compression,4.255291280969229,4.204328343662194,4.477259819425888,4.180271065577843,3.9357758440491413,0.14980955855028602,in_distribution_like,1.0276626963072955,1.060655865056494,1.04664964865845,1.2036073827028462,1.0389823147763748,0.7884182703423129
ood_0185,messaging_compression,3.8115219147296733,3.4096824584869334,4.422334779657512,3.7141949792463356,4.358092891248672,0.3385051805665101,soft_ood,0.8038424669381353,0.6884255600232082,0.3828693020585644,1.1566857867545282,0.6441596362916965,1.147072049562679
ood_0186,messaging_compression,2.8580477626607874,4.47448439160178,3.406028531126168,4.175042463996243,3.121889501536952,0.6044853031801882,strong_ood,0.5162443741137266,-0.1113411689726054,1.2723152922901957,0.2884713739031595,1.0345530583915958,0.09722331495628746
ood_0187,messaging_compression,2.512176587341966,1.968822693724391,2.316311247440046,2.0737110575494904,2.3933122536663367,0.1686732661674248,in_distribution_like,-0.626333358879184,-0.4014552302069436,-0.8207037760867671,-0.6424569294470837,-0.7455281742833051,-0.5215226843718201
ood_0188,messaging_compression,4.67510651859863,4.746914401517889,4.803351954436465,4.742148068474243,4.865506720140894,0.05958112886353688,in_distribution_like,1.4975622411924674,1.412793632664492,1.499880412527925,1.4821827549814175,1.5149599282356292,1.5779944775528734
ood_0189,messaging_compression,1.4690234076100874,1.5627272932631688,1.5199273896507475,2.0739562651020664,1.942968216733616,0.24844862398685033,in_distribution_like,-1.0816919543403585,-1.276444032562513,-1.1599217229730305,-1.3227951094927404,-0.7453204539013074,-0.9039784527722005
ood_0190,messaging_compression,2.5340702998499087,2.6645592191583667,3.377396284528971,2.449808004076808,2.9543470227929296,0.2829118621943521,soft_ood,-0.16612297475463686,-0.38309095383924285,-0.23954399081598565,0.2640112968309932,-0.42692868344350593,-0.04506254250544311
ood_0191,messaging_compression,3.3043146399054253,3.849739797197028,3.492438442617303,2.394215008991174,3.0005568783237537,0.45491952979250616,strong_ood,0.17917777132223928,0.2629840289351556,0.7504561961231908,0.3622899996158606,-0.47402265772881963,-0.005818710334190884
ood_0192,messaging_compression,2.2940258495047408,2.3257813123526385,2.100919752534218,1.8111265753827404,1.3174978344343287,0.3650836759758455,strong_ood,-0.8673122080599857,-0.5844383783599686,-0.5225305645780753,-0.8264624893391762,-0.9679689122186296,-1.4351606958040786
ood_0193,messaging_compression,3.7367320518801987,4.060087727264906,3.7831097933212794,3.293881252496524,4.21712565434792,0.29214108032209,soft_ood,0.6955840005973721,0.6256924027127746,0.9261631676583549,0.6106059540330037,0.2881031977272804,1.027355280855447
ood_0194,messaging_compression,1.2864651381227974,1.2274185733283673,1.8920390892904675,1.0,1.9593914552705685,0.32262368765924127,soft_ood,-1.2839221671911756,-1.4295724941177435,-1.4400104297649847,-1.0049059483420597,-1.6550909862203664,-0.8900309775107232
ood_0195,messaging_compression,4.282625443336927,4.03671482729427,3.7067015049087395,4.1521161551221715,3.56595044525845,0.27787422980398274,soft_ood,0.8050058756603893,1.0835835486011596,0.9066394125707268,0.5453315573076692,1.0151317086530265,0.47434315116936465
ood_0196,messaging_compression,3.607761418201307,4.364312355318009,4.741722460916413,4.617094296594454,4.627664025131102,0.38470647031709787,strong_ood,1.1824727217138569,0.5175128347506296,1.1802868381141225,1.429533649843903,1.4090242953718737,1.3760059904887556
ood_0197,messaging_compression,3.3106765896402983,2.224865324435125,2.325657142093595,1.723655610933331,2.582730415695054,0.48217590946952765,strong_ood,-0.4751412025201912,0.26832038306542216,-0.6068272943378767,-0.6344728789200621,-1.042067372719754,-0.36065884968868506
ood_0198,messaging_compression,4.965528370443667,3.9502604320102193,3.8690496554483236,3.4836386687543675,3.8548899676909487,0.4621185655097384,strong_ood,0.868683860693519,1.6563972311207518,0.8344226811469252,0.6840230239811455,0.44885062405192744,0.7197257431668453
ood_0199,messaging_compression,1.0,1.318870849240859,1.0,1.1296153283944537,1.0365641221789714,0.15571403869917647,in_distribution_like,-1.6038945009784549,-1.66985723176971,-1.3636188891617718,-1.7669608852943703,-1.5452911646243495,-1.6737443340420726
ood_0200,messaging_compression,4.367919552798974,4.450018708373368,4.387107248621425,5.0,3.8823634547717205,0.3547451475988661,strong_ood,1.202009412059677,1.155127586558619,1.2518787179668083,1.126591462116755,1.7333916247827792,0.7430576688734231
ood_0201,messaging_compression,4.512600629871595,4.848406094048581,4.952919182255509,5.0,4.512857941556877,0.20777953912483071,in_distribution_like,1.4965993881210262,1.2764849526779694,1.5846580375076025,1.609955680780479,1.7333916247827792,1.2785066448563007
ood_0202,messaging_compression,1.5196274770919773,1.8663602254783869,1.5751569117481257,1.3566689716124494,1.0,0.2856928962054504,soft_ood,-1.2947298547426007,-1.233997731280416,-0.9062923054614735,-1.2756133990888827,-1.3529493341720766,-1.7047965037101547
ood_0203,messaging_compression,3.607164614562163,3.3631039388525,4.511665600399979,4.015840019318449,4.339018064931952,0.3846605007300856,strong_ood,0.8249071099896316,0.5170122404835534,0.3439615237841764,1.2329996992120487,0.8996893795366222,1.1308727069317581
ood_0204,messaging_compression,3.4166159805418146,3.3367980167794355,2.7168365955090037,2.297806548516965,3.1829348649812697,0.40382301602019555,strong_ood,-0.0055502323646288935,0.3571815230861254,0.32198776868515244,-0.3002944361943863,-0.5556922556964298,0.14906623829639376
ood_0205,messaging_compression,3.103340869193919,2.566589121136242,3.0351080819721012,2.7449836671300103,3.128132752163462,0.1823860428481147,in_distribution_like,-0.06594503545848501,0.09440878767965515,-0.3213799718922711,-0.028400120729722242,-0.1768792830817312,0.10252541073164428
ood_0206,messaging_compression,3.4440506280127723,3.4467728825272843,3.612204734807846,3.8368099604374635,2.9726254899726925,0.2785147990384619,soft_ood,0.39542785620809384,0.3801934927566109,0.41385152317660473,0.4646044557198767,0.7480293191953501,-0.029539509807972916
ood_0207,messaging_compression,2.9054786747629433,2.599342465407047,2.8640022849073796,3.1408862949152896,2.2467091387576703,0.2971913102424633,soft_ood,-0.20553558072109163,-0.07155648750754502,-0.29402058248627744,-0.17457310682391436,0.15849800939348624,-0.6460257361812077
ood_0208,messaging_compression,3.6609584747039516,2.752397610989081,3.884614270729521,3.3101861688120913,3.4143783783488315,0.32953715529988153,soft_ood,0.3481636383597936,0.5621341134491756,-0.1661711850645173,0.6973196295438392,0.3019154290795707,0.3456202047908998
ood_0209,messaging_compression,1.418929480151132,2.4020617106737667,2.567695523603216,2.006602887045479,2.717918103977164,0.42407668705708734,strong_ood,-0.6506410674399306,-1.3184624306695525,-0.45881233463316284,-0.4277033037122502,-0.8023768914855743,-0.24585037669911247
ood_0210,messaging_compression,1.80122122591803,1.9207380488120307,2.373741046023702,2.511507961770897,2.2513632843887805,0.24234988848120081,in_distribution_like,-0.6937597692367766,-0.9977990772155807,-0.8608696447604839,-0.5933955575136378,-0.3746613750069935,-0.6420731916871869
ood_0211,messaging_compression,5.0,4.013546578086405,4.312678684905655,4.33651838966676,4.817025413993334,0.3326853801821449,soft_ood,1.2687541891439298,1.6853117668253677,0.8872866055201782,1.0630083130027552,1.171342649949142,1.536821610422206
ood_0212,messaging_compression,1.1785180407247462,2.0475302102563293,1.135043733099733,1.248352668129332,1.263568693154258,0.3528454826467371,strong_ood,-1.370467486540603,-1.5201176827873095,-0.7549581356974462,-1.6515951521682835,-1.4447063118822474,-1.4809601501677288
ood_0213,messaging_compression,3.3564921996207744,3.0121863847335884,3.972563782881509,3.1334635479049564,3.4261757904129504,0.27680152114848866,soft_ood,0.3275774831570254,0.3067501616299763,0.05083450954227713,0.7724535118396023,0.15221004710088884,0.3556391856723821
ood_0214,messaging_compression,1.5861403163180532,1.5655511989649886,2.25270983542943,1.8120447532883692,2.232163053101162,0.2464377379648595,in_distribution_like,-0.9316261799770833,-1.1782072772354488,-1.1575628696265416,-0.6967906134769836,-0.9671911047518719,-0.6583790347945715
ood_0215,messaging_compression,4.660797858530452,3.769662731198559,4.460004943697525,4.551209448650014,4.263161546147537,0.287049791189612,soft_ood,1.1385776513868024,1.400791639496445,0.6835665492820162,1.188866814275787,1.3532118799747939,1.0664513739049697
ood_0216,messaging_compression,4.141931280805169,3.695969467530449,2.925580104743722,3.3741488357428917,3.0568942718255543,0.4381688935205823,strong_ood,0.3727474214371089,0.9655703754986971,0.6220093940607239,-0.12196814570010338,0.3560995252416715,0.04202595808455556
ood_0217,messaging_compression,2.9011653594592626,2.9994327025442598,2.2537966071168336,1.9761822174805506,3.1877510701144907,0.4487464418395982,strong_ood,-0.2811691930536557,-0.07517446295456386,0.04018115596429918,-0.6958622015501198,-0.8281468689445324,0.1531564122166384
ood_0218,messaging_compression,1.3440343782142756,2.328329482833933,2.1727252967457256,1.453839057631105,2.0313395917682553,0.36130038929719716,strong_ood,-0.9532738877062898,-1.3812838617108423,-0.5204020372468149,-0.7651201444533133,-1.270634547476103,-0.8289288476443758
ood_0219,messaging_compression,2.1525232546046995,2.9676449039832673,3.0571404473992776,2.906415226956364,3.193496012630658,0.3367870543108808,soft_ood,-0.11623430605766269,-0.7031296582673128,0.01362830224655892,-0.009578218138130775,-0.0401272747470529,0.15803531861762407
ood_0220,messaging_compression,4.6789151547898555,4.800187423637486,4.198637173879355,5.0,4.573090741906633,0.2854346352934788,soft_ood,1.3978008142832752,1.4159882871834235,1.544380215203139,0.9655844472344753,1.7333916247827792,1.32965949701256
ood_0221,messaging_compression,2.9441322191845125,2.683673758827971,3.0331655911808446,3.071654551600095,3.6078801457230285,0.2749278503213961,soft_ood,0.06340627104089909,-0.039134194025278346,-0.22357731181633436,-0.03005956000232065,0.09985036980524373,0.5099520512431851
ood_0222,messaging_compression,2.1310800555034706,2.3678747011997894,3.572544647040099,2.628477246911036,3.0003145275151466,0.4456984273526027,strong_ood,-0.2118721344651604,-0.721116047481099,-0.48736928738557705,0.43072346771584974,-0.2755742778272863,-0.006024527347689255
ood_0223,messaging_compression,4.3817986680797345,4.611644238452539,4.018791939614333,4.056162843544396,4.171271153982241,0.2240510537878292,in_distribution_like,1.0575725568108887,1.1667692808881025,1.3868870938695923,0.8119454976588277,0.9338476767156615,0.9884132349222591
ood_0224,messaging_compression,2.0553440322809613,2.8591825900599854,3.1644579960122514,1.901230286380859,2.5823134906535796,0.42653902933380533,strong_ood,-0.4064332959932281,-0.784642836779359,-0.07697199364894299,0.08210147249872912,-0.891640197742635,-0.3610129242939325
ood_0225,messaging_compression,3.409681502479766,2.265311516834947,3.055352405947222,3.3274031504175543,2.5235277066525614,0.41820592859155364,strong_ood,-0.06544386563999086,0.35136493663231977,-0.5730419465362225,-0.011105713774110198,0.3165002897755888,-0.4109368942975301
ood_0226,messaging_compression,3.1950755950290506,2.299300081126969,2.0694502699857473,2.3998343751185227,2.361124533330467,0.3767850170770079,strong_ood,-0.44895250532027153,0.1713551647338184,-0.544650758200534,-0.8533463723744718,-0.46926237662697434,-0.5488581841331963
ood_0227,messaging_compression,1.5199649316330859,1.3716168711056582,1.6103173557108974,1.224272585859449,1.4424132870737765,0.09234765900890174,in_distribution_like,-1.3186062703786312,-1.2337146770267253,-1.3195592981812438,-1.2455763858806639,-1.4651050468930034,-1.3290759439115192
ood_0228,messaging_compression,4.080774544998786,3.1760030757294975,3.9209069309345095,3.7291719418997937,4.2492170976179375,0.33032380728344857,soft_ood,0.7083451203001575,0.9142725794904852,0.18767319700886922,0.7283238772459693,0.656846930670918,1.0546090170845455
ood_0229,messaging_compression,3.965747405596604,4.518055398909999,4.261219491020833,4.184497394574433,4.425713017375306,0.1881948173406758,in_distribution_like,1.0785216440348768,0.817788706460667,1.3087108476845046,1.019047534576884,1.042562525354706,1.2044986060976237
ood_0230,messaging_compression,4.931024943886664,4.328004558281897,4.385218108759124,5.0,4.043753734764679,0.36209486493630266,strong_ood,1.3031804726379859,1.6274560243384122,1.1499583577802777,1.1249775997020433,1.7333916247827792,0.8801187565864171
ood_0231,messaging_compression,4.327025161605651,3.9388419523514475,5.0,4.379282747069801,3.872159953095362,0.36185960966155595,strong_ood,1.1075695907374452,1.1208256881715548,0.8248846434788994,1.650176081465475,1.2075692203068735,0.7343923202644234
ood_0232,messaging_compression,2.3458793150372124,1.9384036305154202,2.567285386662509,2.8434395457942303,2.137354821433083,0.2935260634910897,soft_ood,-0.529496300987486,-0.5409440933539018,-0.8461133033954514,-0.42805367723763094,-0.09347527488054491,-0.738895156069901
ood_0233,messaging_compression,2.0340640240989423,1.2218108787017228,2.6365017563199102,2.3834229029650364,2.3949811888041457,0.4333635380259417,strong_ood,-0.7238760806282964,-0.802492342714899,-1.444694626276088,-0.36892322337232597,-0.48316487363023697,-0.5201053371479321
ood_0234,messaging_compression,3.3701083946208805,3.2811248894481886,3.506560586191888,3.1363486301059647,3.1096992910994095,0.11846435201389874,in_distribution_like,0.24190671473379224,0.3181713204657716,0.27548311995336644,0.3743543243305114,0.15465405981824662,0.08687074910106522
ood_0235,messaging_compression,4.700497916272436,4.702868363594671,4.921589488866184,4.874449218556245,4.951653614856199,0.09777795868783712,in_distribution_like,1.5517121832761984,1.4340917402410303,1.463088056505624,1.5831912174210006,1.6270349648527744,1.651154937360562
ood_0236,messaging_compression,4.363558548941781,3.3655401551867694,4.2224665832403065,4.004518119649102,3.9762861016010196,0.30213983408690326,soft_ood,0.8392655500136131,1.151469610322517,0.3459965340358145,0.9859415361403154,0.8900983644983463,0.8228217050710724
ood_0237,messaging_compression,2.6540058296745466,3.2607935372955295,2.875913124114942,2.1541385205662333,2.9677696427763545,0.34345575652862875,strong_ood,-0.17988951331503528,-0.2824899609648178,0.2585000181334156,-0.16439786458359085,-0.677396409313472,-0.03366334984671143
ood_0238,messaging_compression,4.563994647952037,3.6498391654909934,4.071679850911825,3.8405933283977087,3.942842758593211,0.27560123735593595,soft_ood,0.8611701671368884,1.319593856722153,0.5834760190722486,0.8571268068561715,0.7512342883314295,0.7944198647024395
ood_0239,messaging_compression,3.5218748150461785,4.3316697175408585,3.4654369579801703,4.025087569086246,4.166839850505436,0.35443543044521353,strong_ood,0.7659775815337037,0.4454718176754483,1.1530199236030474,0.33922305678812437,0.9075231699322637,0.9846499396696345
ood_0240,devanagari_low_res,5.0,4.4523939526715015,5.0,4.71555344979348,3.20422568678276,0.6286879675464109,strong_ood,1.2497858487155884,1.6853117668253677,1.2538627973069119,1.650176081465475,1.4924310774991223,0.16714752048106515
ood_0241,devanagari_low_res,3.4525438771969337,3.3750247894832874,2.9585979536027986,4.0253038153320135,3.8923691334219472,0.3900717638062291,strong_ood,0.4613473237852359,0.3873175643466212,0.35391919991525506,-0.09376151772529351,0.9077063565931334,0.7515550157964632
ood_0242,devanagari_low_res,2.7671289522082376,2.730850400897583,2.7593388591943935,2.8616811336086796,2.9840689462785095,0.09701518653229745,in_distribution_like,-0.14672041455938928,-0.1876031625274897,-0.1841699123588021,-0.2639854220918063,-0.07802244910395785,-0.019821126714890537
ood_0243,devanagari_low_res,1.8230535029381743,1.0599201898481947,2.6615475665211825,2.978066331835247,3.014081619777186,0.6922964982766554,strong_ood,-0.57614014863136,-0.9794863324588988,-1.5799244935203998,-0.3475269823970214,0.020569855988261554,0.0056672092312583435
ood_0244,devanagari_low_res,2.819696239207206,3.316605549395851,3.4506743119475534,2.1213714704587883,3.944578348038739,0.5665727529764673,strong_ood,0.1157923749801785,-0.1435101296076925,0.3051206795217492,0.3266115609168129,-0.7051540541892086,0.7958938182592314
ood_0245,devanagari_low_res,2.8485600511441054,1.5223498735370369,1.8035065389409168,2.020705143571593,1.580478995949996,0.4569963677047032,strong_ood,-0.8791481612749585,-0.11929938785970168,-1.1936496238665333,-1.080537910982304,-0.7904305787319137,-1.2118233049343399
ood_0246,devanagari_low_res,5.0,5.0,4.326226172704497,5.0,4.59620945612923,0.29007206775602634,soft_ood,1.5107730138915092,1.6853117668253677,1.7112868382251325,1.0745817183437931,1.7333916247827792,1.3492931212804735
ood_0247,devanagari_low_res,3.8109413143971254,2.690521564118413,2.8275273536385317,3.3160114812093866,2.18800022626045,0.5334674695246758,strong_ood,-0.02493719827134775,0.6879385569641235,-0.21785723114400374,-0.20573306582361556,0.3068501715200448,-0.6958844228732878
ood_0248,devanagari_low_res,2.6701901361423785,3.597625481088471,3.121333275035101,3.157309231195492,3.741662135166579,0.36639586574310545,strong_ood,0.22243681196381,-0.26891469013365993,0.5398610980407009,0.045260702940672866,0.17241021789525568,0.6235667310760805
ood_0249,devanagari_low_res,2.5429443866222976,1.4633174811782153,1.5168182775976,4.267788923590787,2.9673557871011544,0.9984320584428344,strong_ood,-0.372990650332639,-0.3756474386318524,-1.242960320104414,-1.3254511749253928,1.113120499783651,-0.034014817785186946
ood_0250,devanagari_low_res,3.103829290123675,2.961800685619786,3.6910161732421223,3.935022828048095,3.7679512989411474,0.3561969093216079,strong_ood,0.42252343315096363,0.0948184713701009,0.008746533696204666,0.5319318256391976,0.8312274677141949,0.6458928673351203
ood_0251,devanagari_low_res,2.4954861691246073,3.278406324620219,3.3759198013838234,3.8193615718623084,3.189057288176907,0.4106443477623337,strong_ood,0.20160426927370895,-0.4154550236510607,0.273212259514234,0.2627499605469727,0.7332484288761154,0.1542657210822834
ood_0252,devanagari_low_res,1.0,2.3065685116630927,1.5146771011575344,1.2487452503962702,2.293042796785237,0.5128455357347573,strong_ood,-1.1173534828663245,-1.66985723176971,-0.5385793225705093,-1.3272803482168185,-1.4443737473360203,-0.6066767644385644
ood_0253,devanagari_low_res,4.238347926456898,5.0,4.879491727348504,3.7292925815938807,5.0,0.4629157887113264,strong_ood,1.3308241723055392,1.046443910608499,1.7112868382251325,1.5472277631460243,0.6569491270473207,1.6922132225007191
ood_0254,devanagari_low_res,2.6270548479595326,2.3795759513358483,2.687913407738296,2.1635291281116498,3.0904759117360605,0.2726930270820779,soft_ood,-0.34131810532007706,-0.30509623554779725,-0.47759504704045513,-0.3250030597263417,-0.6694414317198724,0.07054524743408079
ood_0255,devanagari_low_res,1.5704292449879265,4.021122942922684,2.599486590133169,3.1761858397729994,2.99898764271286,0.7681892157885326,strong_ood,-0.10341308793970636,-1.1913856021008382,0.893615263568767,-0.40054469654919395,0.18840098287515503,-0.007151387492421591
ood_0256,devanagari_low_res,1.8286971625413377,1.5179198142852435,1.0,2.054947725034739,1.648092661921527,0.3749685370283191,strong_ood,-1.170977739622042,-0.9747524745241095,-1.197350122818925,-1.7669608852943703,-0.7614229807709811,-1.154402234701824
ood_0257,devanagari_low_res,4.19610853331501,3.950168547243786,3.4202993712569683,3.4433687898907723,3.6530114880812135,0.2949883632616111,soft_ood,0.6218079245113644,1.0110138350112159,0.8343459283401112,0.3006627277425789,0.41473717798280363,0.5482799534801118
ood_0258,devanagari_low_res,4.54441466788566,3.0140845019948532,3.471682567099343,3.605679178956342,4.2745432976046445,0.5164614090481071,strong_ood,0.6656999910467908,1.3031703211941987,0.052420037079856645,0.34455858223838876,0.5522336607162631,1.0761173540052467
ood_0259,devanagari_low_res,4.193921234674592,4.7523116626511985,4.3754899700729855,4.210499449334675,4.43731067422818,0.1955131113652564,in_distribution_like,1.1818344655833815,1.0091791458639663,1.5043888305951354,1.1166670041215,1.0645894029560636,1.2143479443802414
ood_0260,devanagari_low_res,1.0,1.0,1.5859927688705937,1.0280305888837562,1.0307437545302178,0.17407379613249846,in_distribution_like,-1.5752447001767138,-1.66985723176971,-1.6299767811214279,-1.2663564971039545,-1.63134569546817,-1.6786872954203074
ood_0261,devanagari_low_res,5.0,3.9646343800576704,5.0,5.0,5.0,0.37853438291435665,strong_ood,1.5215044328281195,1.6853117668253677,0.8464294685662567,1.650176081465475,1.7333916247827792,1.6922132225007191
ood_0262,devanagari_low_res,2.4018783117017395,4.077778566642,3.9362409063604225,4.351280167800719,4.748034827904711,0.7583741193022072,strong_ood,0.770094066704218,-0.4939725689635892,0.9409406071599519,0.7414234508147878,1.1838476570777436,1.4782311874321956
ood_0263,devanagari_low_res,2.8660410600727433,1.0653655984956771,2.554227155869005,1.38032558287621,1.7425270581429482,0.6161742119259066,strong_ood,-0.9052668704874064,-0.10463645305431926,-1.5753758570688228,-0.43920911802887225,-1.3329093301964483,-1.0742035940885692
ood_0264,devanagari_low_res,1.719406858878839,2.0506112281477527,1.235659349479419,2.2990388116578786,1.6905418485594783,0.38644545188805407,strong_ood,-1.011490040629414,-1.066424334197974,-0.7523845124496541,-1.5656408166271953,-0.5546483801401385,-1.1183521597321087
ood_0265,devanagari_low_res,3.3639143749792675,2.7766952652276644,2.447113465115909,1.6763468130890307,2.3948648666684758,0.5170922605047996,strong_ood,-0.3931923111552104,0.3129758247962144,-0.14587496802880706,-0.5307146561084936,-1.0821436324304727,-0.5202041240044932
ood_0266,devanagari_low_res,3.458549578180479,4.039412862127061,4.612950037827188,4.778648162954507,4.788032455427506,0.4867735644653528,strong_ood,1.1357705607515436,0.3923550997853271,0.90889312397836,1.319525398034546,1.5458799120972155,1.5121992698622693
ood_0267,devanagari_low_res,2.7744020835386975,1.3513459760281532,2.9201744830968925,1.9786846730600596,1.8957591952010897,0.5188358390646882,strong_ood,-0.6829356629823141,-0.18150251633682227,-1.3364918992447585,-0.1265860830895281,-0.8260269871405389,-0.944070829099923
ood_0268,devanagari_low_res,2.823466515220069,2.408144576337889,2.7210553002145645,3.894836522696232,3.9047208849181674,0.6000922344801376,strong_ood,0.13369205090627195,-0.1403476513090663,-0.4537312201969368,-0.2966904632440824,0.7971848184928821,0.762044770788563
ood_0269,devanagari_low_res,3.65104563479888,3.011092977580791,3.842133408387745,3.477799976682128,4.0726046130187745,0.3145214823613675,soft_ood,0.5226588700204712,0.5538193001647925,0.04992116915708343,0.6610288982718594,0.44390454741248125,0.9046204350961391
ood_0270,devanagari_low_res,3.6668072891379513,4.324549286383603,5.0,4.56048774352189,4.797720329554346,0.4250392101994916,strong_ood,1.2491573370087514,0.5670400536660484,1.1470721142080977,1.650176081465475,1.3610717151830711,1.5204267205210646
ood_0271,devanagari_low_res,4.041627091079239,3.623352618050478,3.728267753187092,4.006399859676016,4.619170894215881,0.33055594170415104,soft_ood,0.8534056500780529,0.8814359985492876,0.5613513847309759,0.5637552633642391,0.8916924253382527,1.368793178407509
ood_0272,devanagari_low_res,4.4700226516232275,3.6954291938150847,3.5980160954940565,3.348165591051673,3.7829528922531668,0.3493009191297131,strong_ood,0.6615067766129409,1.240770874517525,0.621558094833315,0.4524833247430838,0.3340885820382631,0.6586330069325177
ood_0273,devanagari_low_res,2.8440120614125033,2.861576615323939,3.109123821828884,1.5898072463849608,1.6621696531405696,0.6022438379997245,strong_ood,-0.49223129510923663,-0.12311420639805169,-0.07497222626938199,0.03483035946695078,-1.1554530866655945,-1.1424473156801058
ood_0274,devanagari_low_res,5.0,3.8825784459993233,4.110334929096188,4.270521891528359,3.8378040848026593,0.3953548455466231,strong_ood,1.034799801708488,1.6853117668253677,0.7778868417610928,0.8901492310103665,1.1154356533668737,0.7052155155787406
ood_0275,devanagari_low_res,1.7666921538751084,3.0589516189139268,2.210526693697681,1.6907072960882612,2.0255839747329745,0.47050536162973494,strong_ood,-0.7146971877229273,-1.0267617952327475,0.08989825344652387,-0.732827006723391,-1.069978570698348,-0.8338168194066743
ood_0276,devanagari_low_res,1.0,1.0,1.8268567342388695,1.153206555187795,1.0,0.2644661608074359,in_distribution_like,-1.5181054545768309,-1.66985723176971,-1.6299767811214279,-1.0605902070988797,-1.5253065491839821,-1.7047965037101547
ood_0277,devanagari_low_res,4.084670015411185,4.872060338818838,5.0,5.0,5.0,0.3399346747799181,soft_ood,1.5195475606022426,0.9175400698811422,1.6044168043810971,1.650176081465475,1.7333916247827792,1.6922132225007191
ood_0278,devanagari_low_res,2.7623249178413127,2.606388758227696,1.8516878498134446,1.3350741874844105,2.0550579143551397,0.49942828670564554,strong_ood,-0.73983471080365,-0.19163274932151264,-0.28813470202305314,-1.039377376359938,-1.3712427217986334,-0.8087860045151125
ood_0279,devanagari_low_res,1.0952489526382396,2.3076257445018946,1.594227695048752,1.89059339818203,1.4117197614407089,0.4130356060449437,strong_ood,-1.1285548595436798,-1.589963148509592,-0.5376961991651426,-1.2593215294384736,-0.9006509254168642,-1.3551424951883275
ood_0280,devanagari_low_res,4.464227268514214,3.10139017713197,3.5266176672631686,3.6718001018289472,3.46635056110733,0.4198206533257328,strong_ood,0.5501500296485161,1.2359097520819389,0.12534785610439098,0.3914887726240046,0.6082460600605889,0.38975770737165705
ood_0281,devanagari_low_res,2.638622623523173,2.60425488803789,1.8574856686886951,1.2450665169417579,2.7117591263383263,0.5471246268621887,strong_ood,-0.6636611611411021,-0.2953932750593393,-0.28991715773145504,-1.034424391058639,-1.447490078421303,-0.25108090343477407
ood_0282,devanagari_low_res,1.7745861217181984,1.761781133470143,2.7485064279333375,1.844315427620482,1.0,0.506963770020325,strong_ood,-0.9863358263381473,-1.0201403961869868,-0.993648884329334,-0.2732393974173161,-0.9398539500469444,-1.7047965037101547
ood_0283,devanagari_low_res,3.247691773513318,2.9120300849189493,3.4344890100068155,2.362525222033118,3.534276795962392,0.3732778865698613,strong_ood,0.08840455521164098,0.2154892074525582,-0.03282764066247787,0.31278471252184664,-0.5008677307422615,0.44744422748853946
ood_0284,devanagari_low_res,4.483861479515349,4.410403361749998,4.474406405300489,4.423105188604554,4.438171302441251,0.021401996722555574,in_distribution_like,1.2264213743005272,1.25237877609766,1.2187873888566907,1.2011697559805024,1.2446921155849269,1.215078834982855
ood_0285,devanagari_low_res,4.198124270055626,5.0,4.145467067987823,3.7652593466370328,3.2100427542546437,0.5581980475342987,strong_ood,0.9007317033876282,1.012704619366577,1.7112868382251325,0.9201620636423533,0.6874173165280099,0.17208767917606851
ood_0286,devanagari_low_res,1.4262920968810828,1.8883259028460626,1.584668567871348,1.575407481328606,2.0162663071852003,0.21752058750269462,in_distribution_like,-1.0954199576066264,-1.3122867248193355,-0.8879440257957437,-1.2674877411504402,-1.1676514250395917,-0.8417298712280215
ood_0287,devanagari_low_res,3.697471263414894,3.564735556062772,3.1397464404249438,2.2689723070213317,2.324233916965907,0.5680612709879924,strong_ood,0.0011666382415222998,0.5927607576329772,0.5123876205578498,0.06099077997284669,-0.5801183371737847,-0.5801876297822773
ood_0288,devanagari_low_res,4.199730914462636,4.6713297163763725,3.6197905887312167,4.287881109249213,4.207536516607499,0.3489212956642408,strong_ood,1.0142466403646693,1.0140522602431186,1.436743322867147,0.4710849311863744,1.1301410052138063,1.0192116823129005
ood_0289,devanagari_low_res,1.1803888089849741,1.0,1.7040374756363563,2.2407133382761746,1.0219829384443666,0.4488856754052671,strong_ood,-1.3208445150594137,-1.5185484968697416,-1.6299767811214279,-1.165512764299051,-0.6040570932232462,-1.6861274397836026
ood_0290,handwritten_mixed_script,2.272612080518639,2.1110109923797937,1.7589448737502074,1.165163143497598,2.6993894751809684,0.4856866524122181,strong_ood,-0.8399403371891292,-0.60240008182128,-0.701931628738247,-1.118606239338191,-1.5151778762903094,-0.26158585975761917
ood_0291,handwritten_mixed_script,1.0034552721774288,1.0,1.7902688246864904,1.0,1.0,0.25738389123627725,in_distribution_like,-1.549733985792932,-1.6669589762468557,-1.6299767811214279,-1.091846681665855,-1.6550909862203664,-1.7047965037101547
ood_0292,handwritten_mixed_script,3.4655508835176705,2.5282282036159347,2.6003185620855143,3.3867301193981745,2.136823829753715,0.504633184807238,strong_ood,-0.14552367671657218,0.3982277404395878,-0.3534234564211103,-0.39983395602077754,0.36675739046417744,-0.7393461020447384
ood_0293,handwritten_mixed_script,1.5093713830587276,3.437399630210491,1.6150673115681822,2.0858182401248895,1.8764379595560152,0.6828318072995405,strong_ood,-0.7547697011606125,-1.2426004634671748,0.4060218964363404,-1.2415185734430627,-0.73527192987706,-0.9604794354521056
ood_0294,handwritten_mixed_script,3.117813422247951,3.5993283990839604,3.5598124508603917,2.0012307533107654,3.6697307327752275,0.5728405111164118,strong_ood,0.16464589089340667,0.10654825301400815,0.5412835725269657,0.41984655315742064,-0.8069277369215894,0.5624788126902281
ood_0295,handwritten_mixed_script,5.0,4.156814397992099,5.0,5.0,3.9736199166440476,0.43105332745204605,strong_ood,1.3792794816451386,1.6853117668253677,1.0069604941386754,1.650176081465475,1.7333916247827792,0.8205574410133947
ood_0296,handwritten_mixed_script,2.915984658261694,2.676113844906409,1.5135413957747588,2.1791083895588192,2.1658561842942614,0.4930203747839745,strong_ood,-0.5983642327014884,-0.06274414997385512,-0.22989222815421112,-1.3282505634285262,-0.656243917593371,-0.7146903043574789
ood_0297,handwritten_mixed_script,4.229942895905954,2.7362696747518056,4.048029963206244,4.067758555868569,2.431937603959021,0.7100203203565997,strong_ood,0.4303248884545603,1.0393938361243062,-0.17964310671570452,0.8369230804715566,0.9436706441088258,-0.48872001171618246
ood_0298,handwritten_mixed_script,1.622565633206411,1.3924283390404069,2.519225041473275,1.6833212681575604,1.2503107081196692,0.3858548689946158,strong_ood,-1.09747899564598,-1.1476540037384941,-1.3021751480123505,-0.46911087278297353,-1.0762354275002388,-1.4922195261958429
ood_0299,handwritten_mixed_script,1.0,1.991259691987611,1.1411210637544957,1.0,1.0,0.3884075671925524,strong_ood,-1.4956219801278636,-1.66985723176971,-0.8019617945807073,-1.6464033843583803,-1.6550909862203664,-1.7047965037101547
ood_0300,handwritten_mixed_script,5.0,3.9763585047577865,3.438738836350486,4.488806655163521,4.529236877798493,0.5226615342429944,strong_ood,1.0901431073059729,1.6853117668253677,0.8562228163985518,0.31641527219716326,1.3003491848230433,1.2924164962857394
ood_0301,handwritten_mixed_script,2.5341834312455673,1.3786251000510827,2.1473756228711784,2.2532365572610216,3.5240269166093836,0.6411302346919593,strong_ood,-0.5276372335626943,-0.3829960601013725,-1.3137052130783942,-0.7867759713763186,-0.5934484157822616,0.43873949252487493
ood_0302,handwritten_mixed_script,4.397172121524187,5.0,5.0,5.0,5.0,0.23327004650055755,in_distribution_like,1.5933464362923502,1.1796644144876451,1.7112868382251325,1.650176081465475,1.7333916247827792,1.6922132225007191
ood_0303,handwritten_mixed_script,4.437901934628228,2.72350616411595,2.6044227584216992,2.916229919454999,3.064598897039056,0.6299021518566228,strong_ood,0.1287903747763725,1.213828266048958,-0.1903046701513862,-0.39632780576597304,-0.031813046031060714,0.04856912978132434
ood_0304,handwritten_mixed_script,1.634749040813372,2.784711179992234,1.9896258458750886,1.754389246514717,1.0,0.5616358446449976,strong_ood,-0.9837963403573188,-1.1374346558634632,-0.1391791469341471,-0.9215391199941837,-1.0160322752846456,-1.7047965037101547
ood_0305,handwritten_mixed_script,4.029784863935957,2.2155863396054634,3.0088462864922336,2.1577005028437224,3.049764461792935,0.6242012472535253,strong_ood,-0.08646370749884015,0.8715028302029219,-0.6145781779468309,-0.050835158766657805,-0.6743789805614787,0.03597094957784479
ood_0306,handwritten_mixed_script,1.0,2.570560217942066,2.163218720752021,2.4095452198893383,2.7035879803234866,0.57970572274619,strong_ood,-0.6960435868760004,-1.66985723176971,-0.3180628515707202,-0.7732414625171634,-0.46103611946595946,-0.258020269056449
ood_0307,handwritten_mixed_script,4.898891886625837,5.0,4.9147728869830765,3.5582025369162973,5.0,0.5100788399674439,strong_ood,1.418677248849527,1.6005030649505103,1.7112868382251325,1.5773679018503877,0.512015216720885,1.6922132225007191
ood_0308,handwritten_mixed_script,5.0,2.9818487122627273,3.4074304999644323,5.0,4.057104435337869,0.7818974408671225,strong_ood,0.9250644572239898,1.6853117668253677,0.025492969211642205,0.2896690537890291,1.7333916247827792,0.8914568715111307
ood_0309,handwritten_mixed_script,2.422036971263546,2.115952671804678,1.9861700019508541,4.001344386668996,1.6768905766017732,0.7963327339941406,strong_ood,-0.4683789011539334,-0.47706364155983794,-0.697803765318037,-0.9244913930003973,0.887409829744582,-1.129945535635977
ood_0310,handwritten_mixed_script,2.970078258947799,3.3335677632855667,3.645341943642779,4.290102177841244,2.8177489310732833,0.5072054140530285,strong_ood,0.35315707897778853,-0.017370856962754682,0.31928948656506967,0.4929130510411496,1.132022518289292,-0.16106880404381402
ood_0311,handwritten_mixed_script,2.9266882084731805,2.890970693283233,3.48607466314734,4.586682866097644,4.845106505707045,0.7807416787542675,strong_ood,0.6393200466002865,-0.0537660950127338,-0.050418885441975536,0.356853523097081,1.383262144518331,1.5606695458407296
ood_0312,handwritten_mixed_script,4.899012428325492,4.2578697734150435,2.79435068089892,4.012012307757067,3.3083935229912056,0.7194462272450349,strong_ood,0.721992322209349,1.600604174393941,1.0913736564986989,-0.23407537453677074,0.896446846020203,0.2556123086706728
ood_0313,handwritten_mixed_script,1.0,1.045903406602313,1.818916700339454,2.1469981490270564,1.0,0.45014789063820826,strong_ood,-1.3434210178860908,-1.66985723176971,-1.5916329355003325,-1.0673732529376345,-0.6834451655126227,-1.7047965037101547
ood_0314,handwritten_mixed_script,1.0630795903927448,1.0,1.0,1.0,1.668450989373166,0.24435674296545162,in_distribution_like,-1.5612176176969188,-1.6169465602372568,-1.6299767811214279,-1.7669608852943703,-1.6550909862203664,-1.137112875611173
ood_0315,handwritten_mixed_script,1.0,1.4049508867731297,1.8580641627483963,1.0,1.2202021972650756,0.2701068695672275,soft_ood,-1.433676505532254,-1.66985723176971,-1.291714864722131,-1.033930192699525,-1.6550909862203664,-1.5177892522495378
ood_0316,handwritten_mixed_script,3.667889095756019,2.545209660308889,3.4801090393214156,3.6609055096974523,1.8965226981007064,0.6706531493005511,strong_ood,0.047212135488446494,0.5679474646729021,-0.33923857555819076,0.3517571846707436,0.5990170260627034,-0.943422422405926
ood_0317,handwritten_mixed_script,3.683374025068204,2.9070698632799608,3.02387816724982,3.664717734297782,3.7929413204898395,0.3597497016078591,strong_ood,0.35506671898385245,0.5809361033663223,-0.03697099268903989,-0.03799365991248916,0.6022464402545673,0.6671157038999018
ood_0318,handwritten_mixed_script,1.56152681513653,1.0,2.2315600699537006,1.4666541554678842,1.8382137718736065,0.338526371063525,soft_ood,-1.1592816460880122,-1.1988528912632315,-1.6299767811214279,-0.7148585248383376,-1.2597786134315454,-0.9929414197855188
ood_0319,handwritten_mixed_script,1.9025620200772444,2.102423454875121,2.8756632990879702,1.6628732530560715,2.4363226599583774,0.3638263297292728,strong_ood,-0.6730129563429756,-0.9127952045015805,-0.7091049353992812,-0.1646112861673126,-1.09355736340047,-0.48499599224623424
ood_0320,handwritten_mixed_script,3.8402284036860985,2.5779351984992096,3.771702982643542,2.267823433953618,2.10440089292301,0.6833265115739559,strong_ood,-0.0693019416758098,0.7125043404744857,-0.31190241301347726,0.6008612954230719,-0.5810915712768342,-0.7668813599862951
ood_0321,handwritten_mixed_script,1.2263559389531222,1.3076061653089526,1.0108220159811094,1.0,2.67101935364275,0.5919542862869166,strong_ood,-1.3103012263166136,-1.4799916245138611,-1.373028458813051,-1.7577158075783916,-1.6550909862203664,-0.2856792544573973
ood_0322,handwritten_mixed_script,3.9576265732311113,4.2186718754261765,4.810203751358032,5.0,4.670615460447452,0.36511580660853876,strong_ood,1.300703681471125,0.8109770152117947,1.058631028872434,1.488036137118772,1.7333916247827792,1.4124826013698455
ood_0323,handwritten_mixed_script,2.2441540519318632,3.5664748204405052,3.908090977073223,2.12898213140151,4.24509657945771,0.8032113557036168,strong_ood,0.1914696321658703,-0.6262704556401506,0.5138404557552863,0.7173754098200464,-0.6987069061235454,1.0511096570177147
ood_0324,handwritten_mixed_script,2.1551156577968302,1.0,2.5993197730397037,2.7154862596560156,3.1034604473231355,0.6575398292148557,strong_ood,-0.5703827815496346,-0.7009551705617888,-1.6299767811214279,-0.400687205763386,-0.20186714615555748,0.08157239585398705
ood_0325,handwritten_mixed_script,2.082748001181117,2.3434510641725756,3.7978269920812684,2.334296562967382,2.7367132062608652,0.5389881374236635,strong_ood,-0.2801836232217761,-0.7616566000562924,-0.5077707398483657,0.6231786250154814,-0.5247808108363069,-0.229888590383397
ood_0326,handwritten_mixed_script,1.8733858812223203,1.937548406650915,2.171488594539406,1.1227021414556226,1.970602923571297,0.31624618969789375,soft_ood,-0.996385865530177,-0.9372679236477671,-0.8468276854916685,-0.7661766396598355,-1.5511474680565602,-0.8805096107950534
ood_0327,handwritten_mixed_script,4.956800021824329,3.6313708250835814,5.0,4.542020577096972,5.0,0.47521802003679486,strong_ood,1.3809884363227103,1.6490759599466192,0.5680491205940001,1.650176081465475,1.3454277971067377,1.6922132225007191
ood_0328,handwritten_mixed_script,3.0836650555907323,4.527210558269217,4.5940468185810275,2.9922078309781193,4.187295461850281,0.6436005046332639,strong_ood,0.7464422341327741,0.07790486772376849,1.3163582979085735,1.3033766757153407,0.03254941197304625,1.0020219173431415
ood_0329,handwritten_mixed_script,3.2566762905009288,2.902361353421385,3.279902135536916,3.557754221275752,1.8831951677584575,0.5603764459507498,strong_ood,-0.016052114835224573,0.22302535066860388,-0.04090408586198833,0.1807235816901071,0.511635439282828,-0.9547408599556735
ood_0330,handwritten_mixed_script,4.1922907171981345,4.694225051745373,5.0,3.6297320292234883,4.988611087405814,0.4754722281229817,strong_ood,1.2738012420554328,1.0078114804417968,1.4558681606474417,1.650176081465475,0.572609326935085,1.6825411607873653
ood_0331,handwritten_mixed_script,4.4329079127321265,3.8680019194842474,5.0,3.7238889209580606,4.298417198930441,0.39486940050547886,strong_ood,1.0748580270516548,1.2096393191879318,0.7657108373257769,1.650176081465475,0.652371574522261,1.0963923227568289
ood_0332,handwritten_mixed_script,5.0,4.145926640201299,3.7581209702610194,2.3906500560842834,3.6559136069179257,0.7865746566567208,strong_ood,0.6692275843968277,1.6853117668253677,0.9978657768880116,0.5892583962742449,-0.47704260296233064,0.5507445849588446
ood_0333,handwritten_mixed_script,1.7042087142592215,1.0,1.34195680905537,1.0,2.076413997189392,0.37761690464717246,strong_ood,-1.3259444117350423,-1.0791724201139503,-1.6299767811214279,-1.4748325719797848,-1.6550909862203664,-0.7906492992396824
ood_0334,handwritten_mixed_script,1.9089823162666968,1.3824406466364176,2.43895865935655,2.9164259078171826,1.0,0.652222462640301,strong_ood,-0.8984105276524209,-0.9074099098174183,-1.310518026330019,-0.5376811781627565,-0.03164702024175638,-1.7047965037101547
ood_0335,handwritten_mixed_script,2.740655200309795,2.9089092516884287,4.0563398542024105,5.0,3.5018115981912072,0.7784343930376556,strong_ood,0.550408626157548,-0.20980914043902793,-0.03543452229627443,0.8440220893997428,1.7333916247827792,0.41987307934052076
ood_0336,handwritten_mixed_script,3.937640657996971,2.557372121713092,2.900256192536497,2.889170036514892,2.4187756281002226,0.5004286714433649,strong_ood,-0.04662038839593258,0.7942129844112606,-0.32907907810529835,-0.1436019648366758,-0.05473603173064419,-0.4998978517183052
ood_0337,handwritten_mixed_script,3.44973637728959,1.5688184331223516,3.8888574353832013,3.0565363048020515,3.456474840918711,0.723578334158045,strong_ood,0.07989751503062613,0.38496265518345163,-1.1548336969700708,0.7009444982423741,0.08704339070923761,0.38137072798813804
ood_0338,handwritten_mixed_script,4.788619142131354,3.0363263296052105,2.9020465333678684,3.7613815407739453,4.018550703209244,0.6574421253762563,strong_ood,0.5959561987857551,1.5080071415210397,0.07099898943542284,-0.14207250487718118,0.6841323470940304,0.858715020755464
ood_0339,handwritten_mixed_script,2.1351073297417424,3.274534417035614,2.226350379572223,2.786176126458695,1.5965074322071446,0.5709719499898855,strong_ood,-0.5014529010574325,-0.7177380010628264,0.26997799352675583,-0.7193090812353176,-0.14198430004680573,-1.1982111164689688
ood_0340,blueprint_engineering,2.5069703832526784,2.6066642469022128,1.9352611672462166,1.7737380962808542,2.916020382465911,0.41517892499464193,strong_ood,-0.5477923488174622,-0.4058221538471277,-0.28790458195162705,-0.9679820082513682,-0.9996414650407784,-0.07761153499641013
ood_0341,blueprint_engineering,3.3643830999987854,3.753892226736787,3.4952777838233713,3.0617087271304153,3.2180753499954915,0.22186771686035803,in_distribution_like,0.32376244499631934,0.3133689877098025,0.6703931960778011,0.36471560406498554,0.0914250564883439,0.17890938064066353
ood_0342,blueprint_engineering,1.8773550673739952,2.930093292088799,2.6600107965949524,2.0383395270095397,2.9787657598429043,0.422475999887078,strong_ood,-0.4200669154457966,-0.933938601066329,-0.017739156421143033,-0.3488398207281028,-0.7754921283231024,-0.024324870690305676
ood_0343,blueprint_engineering,4.301729643733816,4.0333528040133535,4.050920407081959,3.2707924992937576,3.607702399031037,0.33168389266347714,soft_ood,0.7242353486966768,1.0996080038298077,0.9038310610517459,0.8393923411260689,0.26854423804295113,0.5098010994328107
ood_0344,blueprint_engineering,3.601480108326662,3.608028451172638,4.288923588994489,3.6147870519918746,3.737307441771066,0.21925349309787398,in_distribution_like,0.6566654638428524,0.512244120710135,0.5485508644095453,1.0427147089060127,0.5599491280672948,0.6198684971212743
ood_0345,blueprint_engineering,3.348019605228126,2.1235701596776666,2.3573232147760597,3.0208414411712505,3.7552289416276032,0.5754370675514493,strong_ood,-0.061464896894614894,0.29964341511900533,-0.6914407565428295,-0.6074210520312238,0.05680553453046318,0.6350883744515103
ood_0346,blueprint_engineering,3.7125861506029807,4.572050501991373,4.283082017593197,3.245435970379909,3.6314181482955643,0.4386141005728232,strong_ood,0.7547966252646551,0.6054390078606597,1.3538138160716702,1.0377243465111825,0.24706419871795746,0.5299417571618052
ood_0347,blueprint_engineering,3.266007148030738,3.0043651393787822,3.446685372313394,3.272015553187191,2.9714569376403683,0.1525386148417307,in_distribution_like,0.1674811159466341,0.2308520016471847,0.044301298901777905,0.32320387264629796,0.26958031225550566,-0.030531905717595807
ood_0348,blueprint_engineering,3.6293907365731934,5.0,4.527371655526278,3.512994248724141,4.215989834548737,0.5147636966062182,strong_ood,0.9986936674887662,0.5356553393661537,1.7112868382251325,1.2464171346055595,0.47371834211779973,1.0263906831291851
ood_0349,blueprint_engineering,1.959359777271529,1.5789083270158035,2.959885308652188,1.9303312508462112,1.3168136999670186,0.5000255682402792,strong_ood,-0.8813901506156995,-0.8651536859695819,-1.1464054481227564,-0.09266175059314007,-0.8669881697290686,-1.4357416986639508
ood_0350,blueprint_engineering,3.396290647801696,5.0,3.33864548736066,4.759893124492001,4.3156388111722945,0.6754440666177138,strong_ood,0.9846673363390934,0.3401327915121814,1.7112868382251325,0.23090710145718096,1.529992131672491,1.1110178188284812
ood_0351,blueprint_engineering,4.028652435406908,3.6770135119688723,3.8175662905560572,3.708889793968268,4.158836073851739,0.16684620927129765,in_distribution_like,0.7468575909247197,0.8705529579294746,0.6061751828887624,0.6400415966445081,0.6396655042759761,0.9778527128848772
ood_0352,blueprint_engineering,2.122726137424483,2.868214902387453,1.867825507847347,2.585022301754978,2.6967762821270216,0.388149336864408,strong_ood,-0.4798665235548084,-0.7281232492199545,-0.06942715950435743,-1.025591229403794,-0.31238585933313573,-0.2638051203128002
ood_0353,blueprint_engineering,2.95879950942084,4.26370051073412,3.427787127050133,2.0719917249362614,3.670665503617608,0.6869285747394509,strong_ood,0.23855203832819952,-0.02683138465169767,1.0962441641182479,0.3070593995223022,-0.7469846564489193,0.5632726691010644
ood_0354,blueprint_engineering,4.4229812899829435,3.6660997188983355,4.555143489113543,4.083503055094999,5.0,0.4043031217479566,strong_ood,1.1435470388778088,1.2013129449607298,0.5970587179548471,1.2701421744019956,0.9570081345707533,1.6922132225007191
ood_0355,blueprint_engineering,2.1037930497821065,1.5979918562177826,2.0230944757344917,1.9671467784726167,1.9606463880436853,0.1429418235689906,in_distribution_like,-0.8984364889414227,-0.7440041763963009,-1.1304646726599288,-0.8929473969143416,-0.8358009759348233,-0.8889652228017186
ood_0356,blueprint_engineering,3.6369227567628934,3.182152847097675,4.524065055075221,5.0,3.542386701804488,0.6358498849175105,strong_ood,0.8332197811686655,0.5419731395254721,0.1928101988438169,1.2435923579466566,1.7333916247827792,0.45433158474460283
ood_0357,blueprint_engineering,4.77704965193623,3.924103506337121,4.459244615668004,3.5605363852994554,5.0,0.4834080723506142,strong_ood,1.1410597792665114,1.498302742812982,0.8125733851105562,1.1882172780216518,0.5139922678866473,1.6922132225007191
ood_0358,blueprint_engineering,3.943914111538053,4.825231800376726,4.134874233377513,4.357702404104309,3.7420470011176272,0.36856980189988503,strong_ood,1.0178139415016652,0.7994751086200517,1.565300181420147,0.9111127719599369,1.1892880660873604,0.62389357942083
ood_0359,blueprint_engineering,3.928233502149659,2.3963056063567505,2.2834212114379664,3.455400662885523,1.9316480005461818,0.7345328949764254,strong_ood,-0.16730301636863884,0.7863223349952969,-0.46362050011906536,-0.6705543689122757,0.42492962608793133,-0.9135921738950814
ood_0360,blueprint_engineering,4.0433461950670555,3.3833927052580437,3.3982867934851195,2.8972583623081607,3.718352903558828,0.3498036545114965,strong_ood,0.4163063635373095,0.882877969650608,0.3609090530522424,0.28185772943311377,-0.0478842439049894,0.6037713094555724
ood_0361,blueprint_engineering,5.0,5.0,4.554500842009603,4.787971829788603,5.0,0.18569390577176334,in_distribution_like,1.5824366362982194,1.6853117668253677,1.7112868382251325,1.2695931711081325,1.5537781828317456,1.6922132225007191
ood_0362,blueprint_engineering,3.950411755615056,1.96787433525103,3.3803781904311947,3.4301008602970864,3.38149225492533,0.6059940369229975,strong_ood,0.19423544889542566,0.8049252821128182,-0.8214959550030522,0.2665586920534651,0.4034976408047489,0.3176915845091482
ood_0363,blueprint_engineering,1.0,2.2293759723331226,1.515294724083885,1.525767678814699,1.9597734003773342,0.40970581364727887,strong_ood,-1.1398156739016954,-1.66985723176971,-0.6030594784075614,-1.3267527226835307,-1.2097023269475928,-0.8897066097000829
ood_0364,blueprint_engineering,1.0,1.0,1.0,2.0982376319949627,1.0,0.43587933579700094,strong_ood,-1.4992685216849957,-1.66985723176971,-1.6299767811214279,-1.7669608852943703,-0.7247512065293158,-1.7047965037101547
ood_0365,blueprint_engineering,3.9736479550136647,4.432642901093099,4.67371519076084,4.389517905981224,3.935478277280443,0.2638500743826254,in_distribution_like,1.0875242724681813,0.8244156260796645,1.2373644297862236,1.371436110629645,1.2162396348049267,0.7881655610404465
ood_0366,blueprint_engineering,1.9683030226262246,3.0241837754982255,2.7963330691612205,3.4644214052441438,1.803522562950047,0.6126702676395713,strong_ood,-0.32380192435450106,-0.8576521610793558,0.06085612086451875,-0.2323818514833763,0.4325712832430629,-1.022403013317355
ood_0367,blueprint_engineering,1.8891185240701966,2.8119772926209126,2.5828164026907716,1.7174864144138722,2.3809704662994493,0.38001592282778945,strong_ood,-0.6069116025890391,-0.9240715047604763,-0.11640332939234486,-0.4147857749872521,-1.047293426502266,-0.5320039773028559
ood_0368,blueprint_engineering,2.5357992749709823,2.241482246706986,2.432866188113838,1.8865244693136052,1.657828160574705,0.3071126832686875,soft_ood,-0.7135411272030155,-0.3816407029078508,-0.592946914874757,-0.5428858803383547,-0.9040977990958808,-1.1461343387982343
ood_0369,blueprint_engineering,4.567719440273145,2.547890743217475,4.146845715364013,3.8424459792857135,3.427027144706008,0.6297229005144183,strong_ood,0.6032449774395471,1.32271818365265,-0.33699902436246343,0.9213398203706795,0.7528037071609954,0.356362200375874
ood_0370,blueprint_engineering,2.266944151183949,2.8186935674146665,2.741365084475364,2.0989818370208737,3.1257775417366354,0.34203296411925777,strong_ood,-0.3241766164769489,-0.6071542970187749,-0.11079311823586879,-0.27934013459795853,-0.7241207750819856,0.10052524254984337
ood_0371,blueprint_engineering,4.725794847491545,4.526464496490163,4.598897492267892,4.723841174968924,5.0,0.15762814495407618,in_distribution_like,1.4540462487387895,1.4553106100875166,1.3157351006385387,1.3075205298076094,1.4994517806595637,1.6922132225007191
ood_0372,blueprint_engineering,3.9796166863445253,3.1770901880783198,4.381084129808897,3.654001437653566,3.8787617907278564,0.3423371391151775,strong_ood,0.6945233657013159,0.829422151660226,0.18858127924418483,1.121446006629386,0.5931684440462478,0.7399989469265355
ood_0373,blueprint_engineering,5.0,4.913400433707439,4.8430695395827685,4.434234639395575,5.0,0.18362294603097992,in_distribution_like,1.557341359553749,1.6853117668253677,1.6389488431490014,1.5161128620898838,1.2541201032037743,1.6922132225007191
ood_0374,blueprint_engineering,4.300140494244893,4.23574290024002,4.910116330674625,4.81318864748591,4.830304539925949,0.26325562116533374,in_distribution_like,1.3735588908901921,1.0982750375549655,1.0728907274112989,1.5733898791755356,1.5751398698997856,1.5480989404093743
ood_0375,blueprint_engineering,2.8109131740682027,1.0519712406175796,1.7885801842839104,1.2656599279118748,1.9299222471738802,0.5611907842712839,strong_ood,-1.0351667366372563,-0.15087729657444873,-1.5865643772394715,-1.09328926055166,-1.4300449746779322,-0.9150577741427689
ood_0376,blueprint_engineering,3.611307174573864,3.9994169619163404,4.098219180039986,4.062866294945382,3.1223994774932686,0.35656012225745154,strong_ood,0.6625905119507827,0.5204869877150731,0.8754839124040861,0.8797989375153826,0.9395263088421486,0.09765641327722288
ood_0377,blueprint_engineering,2.0899723610396483,1.0,1.0,1.0,1.3715795790447425,0.4062763329255924,strong_ood,-1.4393714316651036,-0.7555968629982828,-1.6299767811214279,-1.7669608852943703,-1.6550909862203664,-1.3892316426910716
ood_0378,blueprint_engineering,4.56171313819317,4.616216615991927,5.0,5.0,5.0,0.189080534957706,in_distribution_like,1.5568335092638104,1.3176801440189172,1.3907064735511616,1.650176081465475,1.7333916247827792,1.6922132225007191
ood_0379,blueprint_engineering,2.4845794721859407,1.6587223960009103,2.198854113881199,1.7540980870209728,2.4927322463060717,0.3094299000640381,soft_ood,-0.7401013214970684,-0.4246034765124822,-1.079735486869768,-0.7427987077204797,-1.0162789225050408,-0.43709001387757185
ood_0380,bound_book_gutter,3.6593461342140716,4.325467532972824,4.387561867850762,3.9680497877667738,3.811489601089051,0.2616443070442463,in_distribution_like,0.8755347669561623,0.5607816947424693,1.1478391401886356,1.1269798361603465,0.859205287389456,0.6828678762999043
ood_0381,bound_book_gutter,4.26274327646488,4.297064787734226,4.054987394296578,4.452169414111089,3.8974745228673577,0.20975704943143764,in_distribution_like,1.0118181844303737,1.0669065411226633,1.1241138753498119,0.8428667042146727,1.269313021267719,0.7558907801970016
ood_0382,bound_book_gutter,1.988016321145659,1.6143185432393787,1.1713879415871387,2.0134437001919983,1.9606083219143249,0.3404866602025358,soft_ood,-1.052813969181345,-0.8411167990662418,-1.1168267313174995,-1.6205468675807981,-0.7965818973875487,-0.8889975505546377
ood_0383,bound_book_gutter,4.271930631647122,4.052135678610078,4.26503047285169,4.408087630844588,4.405909695941446,0.12603690571792825,in_distribution_like,1.0872175468310545,1.0746128234442989,0.9195206949409421,1.022303196300351,1.2319704322525822,1.1876805872170983
ood_0384,bound_book_gutter,1.0,1.2517027565162329,1.0,1.0,1.0,0.13219655824410004,in_distribution_like,-1.6432862144613591,-1.66985723176971,-1.4197254653121942,-1.7669608852943703,-1.6550909862203664,-1.7047965037101547
ood_0385,bound_book_gutter,1.2664744907544756,3.5024993814120324,2.3348145945703185,3.2878329343172235,2.6532687839763964,0.7641126711429159,strong_ood,-0.32607279563596736,-1.4463404941957532,0.46040075401589614,-0.6266498115751726,0.28297954248318685,-0.300753968907994
ood_0386,bound_book_gutter,3.554361570266578,3.2018669806164572,3.2567707943085042,2.794048053548126,2.599437331632787,0.3183686345204688,soft_ood,0.07223514738899761,0.47272145617055616,0.20927772812212883,0.16096284138952183,-0.1353158280324002,-0.3464704607048186
ood_0387,bound_book_gutter,3.1414920819747914,2.833483029835857,2.6146913356698804,2.8934918563536387,2.9024541157308925,0.18470498875441074,in_distribution_like,-0.09995853734215585,0.1264097292749521,-0.09843924505146447,-0.38755552203827576,-0.0510749288877738,-0.08913272000821734
ood_0388,bound_book_gutter,4.319209458329972,3.634277108732606,3.2736665945202956,3.687077012248559,2.73656850242679,0.5056917558946097,strong_ood,0.45026386911409605,1.1142699368383606,0.570476785549997,0.1753966572611971,0.6211874463872656,-0.23001148046634035
ood_0389,bound_book_gutter,4.68060527066944,3.75622380882383,4.624584355888356,4.181323365444177,4.237235583495703,0.292828082628645,soft_ood,1.1007037172776732,1.4174059432842272,0.6723408036785402,1.3294644126170103,1.0398737397260334,1.0444336870825548
ood_0390,bound_book_gutter,1.6916390562022106,1.7072851581816733,2.189061391470621,1.75067103030299,2.1782963879456108,0.17884844870216,in_distribution_like,-0.9206715902911832,-1.0897157518729061,-1.0391702392373772,-0.7511644761590807,-1.0191820530289923,-0.7041254311575594
ood_0391,bound_book_gutter,3.1372476273401957,3.119047112506221,4.097187215793315,3.639038405477139,4.042089921890857,0.37523508367875624,strong_ood,0.5202125090635208,0.12284951362346745,0.14009697505317556,0.8789173467214639,0.5804929504618221,0.8787057594576748
ood_0392,bound_book_gutter,4.545562360653948,3.9993316774773557,4.335647819916077,4.295030646503403,4.988733544574145,0.3023576157238719,soft_ood,1.216203767350233,1.3041329969932165,0.8754126729557671,1.082630483087408,1.1361975258794423,1.6826451578353314
ood_0393,bound_book_gutter,3.6184624682629583,3.3782593655519135,3.683128021172193,4.571381976906751,3.385011626976733,0.4300127932357737,strong_ood,0.6198567704093294,0.5264887926054461,0.3566210927507824,0.5251931016298028,1.3703004452792742,0.32068041978134115
ood_0394,bound_book_gutter,2.0172204207089175,1.0,1.6013533062165153,1.018140531218691,1.772525778273078,0.3608259541899254,strong_ood,-1.277656503113842,-0.8166206266946094,-1.6299767811214279,-1.2532342321054435,-1.6397237675731429,-1.048727108074587
ood_0395,bound_book_gutter,5.0,3.888245528630164,4.80486080717152,5.0,5.0,0.3992615020581955,strong_ood,1.4754018008443057,1.6853117668253677,0.7826206460166575,1.483471744096006,1.7333916247827792,1.6922132225007191
ood_0396,bound_book_gutter,1.4557279673995398,1.0,2.122097092561605,1.378638128191548,1.0,0.35416223142359365,strong_ood,-1.3530158517963293,-1.287596144766789,-1.6299767811214279,-0.8083710214728691,-1.3343388079104064,-1.7047965037101547
ood_0397,bound_book_gutter,3.37960202414822,3.2383780774059874,3.2645516419796645,3.4712998939772417,2.2605922584348823,0.4267834046551282,strong_ood,0.10753663166411279,0.3261345033343408,0.23977602797345332,0.16760989694198408,0.43839819310858374,-0.634235463037798
ood_0398,bound_book_gutter,2.683930992023443,2.750582215582314,3.7598081531633762,3.0469682099661055,3.284636967427873,0.33870212872309213,soft_ood,0.09599964113231249,-0.2573889667170822,-0.16768761372135715,0.5906997300405771,0.0789380599662296,0.23543699609319518
ood_0399,bound_book_gutter,4.94877787088729,4.1179160504192,4.698439855048987,4.230720386683713,4.654427662901186,0.2688466249281277,soft_ood,1.2979654361821957,1.6423470419151178,0.974468085739169,1.3925580017120835,1.0817189766024138,1.3987350749421954
ood_0400,bound_book_gutter,1.6619256128204338,1.258472022850885,1.5052378745151094,2.216769727769428,2.3089274741079997,0.3880524676363905,strong_ood,-1.0163162323889188,-1.1146391578919181,-1.414070989478784,-1.3353441307911822,-0.624340220184932,-0.5931866635977779
ood_0401,bound_book_gutter,1.6028993690455091,2.296825720675124,1.5403132610872008,1.642120911399356,1.3493175719318649,0.3343792616611539,soft_ood,-1.107104426456333,-1.164149913696204,-0.5467176308402586,-1.3053797807714609,-1.1111371006108142,-1.4081377063629268
ood_0402,bound_book_gutter,4.279014775290711,3.8364522725385393,4.424974343325804,4.260885419416401,4.7942985370051465,0.2766511946719893,soft_ood,1.1207291483537678,1.0805549482279395,0.7393569154400461,1.1589407244012873,1.1072723988211772,1.5175207548783884
ood_0403,bound_book_gutter,1.3351632451519075,1.9408175384875295,1.9479757768120727,1.5789806523463359,1.0,0.3451959097020869,strong_ood,-1.2118725932975059,-1.3887248993691594,-0.8440969276735366,-0.9571201176600168,-1.1646245180746624,-1.7047965037101547
ood_0404,bound_book_gutter,2.9812180948234674,2.9247087656393735,2.433536467978188,2.9025587721999946,2.7308382381776717,0.22744473832055465,in_distribution_like,-0.17016982706317627,-0.008026848967884845,-0.022236937004361853,-0.5423132708127186,-0.04339415721757235,-0.23487792131334373
ood_0405,bound_book_gutter,3.2353589354208974,3.0103497372972945,3.5952181063218394,4.846702384729175,3.758019666388799,0.610232596876769,strong_ood,0.589105269393327,0.20514451844446271,0.04930032872716343,0.4500930466848395,1.603530048869419,0.6374584042407501
ood_0406,bound_book_gutter,4.178511309756941,3.475572809688419,2.710395713151523,4.232936532512873,4.126996006097418,0.5821069323467024,strong_ood,0.6325547955200734,0.9962534202753713,0.43790856039243736,-0.3057967804949611,1.0835963195038028,0.9508124579237166
ood_0407,bound_book_gutter,1.820211223884544,1.0260422848551705,2.2005714860439016,1.841882880961983,2.4286698294658837,0.4147481476093475,strong_ood,-0.9529670063878382,-0.9818704141004229,-1.6082232463836175,-0.7413315837447659,-0.9419146105601389,-0.49149517715024527
ood_0408,bound_book_gutter,2.8252414650613478,2.075968531814189,2.2311101574900443,2.2909353239885215,2.650699443135036,0.26092167164133645,in_distribution_like,-0.4899507736534684,-0.1388588371386864,-0.7312031533933072,-0.715242877966179,-0.5615130119041623,-0.3029359878650069
ood_0409,bound_book_gutter,4.805331524043354,4.3538211226257495,4.931039444574051,4.437852130975621,4.296657591515969,0.21839657688669226,in_distribution_like,1.327379079021545,1.5220253579419953,1.1715233445849362,1.591264165666899,1.2571845550323835,1.0948979718815108
ood_0410,bound_book_gutter,2.756582626227546,2.9488603007104204,2.2381048415387945,2.6528184147111618,3.1892348546110614,0.32678826613233675,soft_ood,-0.20166347926537345,-0.1964493390223632,-0.002062775633296518,-0.7092674296077316,-0.25495437187172715,0.1544165198082513
ood_0411,bound_book_gutter,1.0,1.0,1.0,1.3060926667727466,1.4168083719266584,0.1806113380392101,in_distribution_like,-1.5626818890174055,-1.66985723176971,-1.6299767811214279,-1.7669608852943703,-1.3957935665416086,-1.3508209803599103
ood_0412,bound_book_gutter,2.288218084374402,1.812160693032993,1.807156032838304,2.309683208024042,1.1579964683423105,0.4168237723046469,strong_ood,-0.9469090080957041,-0.589309886739077,-0.9515660369478206,-1.0774202058556221,-0.545631292142296,-1.5706176187937053
ood_0413,bound_book_gutter,1.9618203816358046,2.638189708185267,2.2208101185882225,2.7443040609174654,1.4752542739746084,0.46041063359844536,strong_ood,-0.6654686598388534,-0.8630897500993756,-0.26157086273458013,-0.7240420388887989,-0.17745499154011574,-1.3011856559313966
ood_0414,bound_book_gutter,4.784746430578729,5.0,5.0,4.331772545871818,5.0,0.22618836557057906,in_distribution_like,1.5451514461865232,1.5047587410855723,1.7112868382251325,1.650176081465475,1.1673223476557173,1.6922132225007191
ood_0415,bound_book_gutter,2.2412897829489427,1.6772655351771406,2.5641534405604003,2.7128765190877084,2.146522497476807,0.323361579391655,soft_ood,-0.611767147136011,-0.6286729822639338,-1.0642461077902632,-0.43072924943848484,-0.2040779112892921,-0.7311094848980809
ood_0416,bound_book_gutter,1.1961954869748581,1.041233978454485,2.133428422844259,1.0108701346787503,1.0,0.3713932668579289,strong_ood,-1.450038675979764,-1.505289977879133,-1.595533383098705,-0.7986908445750137,-1.6458826706358145,-1.7047965037101547
ood_0417,bound_book_gutter,2.228637840112464,3.0871744939682877,3.1636794982089738,2.4539711510419226,2.9750906615894857,0.3346383426272079,soft_ood,-0.17904472047849224,-0.6392853338581713,0.11347326985964881,0.08143641409319877,-0.4234019956689207,-0.02744595681821658
ood_0418,bound_book_gutter,1.2490186071519,2.187697307621569,1.9005826051346866,2.0377969928577846,1.5095996155857174,0.3404645930665463,soft_ood,-1.0288867105314172,-1.4609823540723648,-0.6378743299334755,-0.9976073573877148,-0.7759517202078768,-1.2720177910556536
ood_0419,bound_book_gutter,2.5238855041047437,1.1324723583328051,1.8842812839909775,2.870706632956141,2.0748158990491667,0.5594839357690229,strong_ood,-0.7569741928330671,-0.3916338815745431,-1.519320513254817,-1.0115333191595128,-0.07037676220533451,-0.7920064879711286
ood_0420,carbon_copy_form,4.784988334524513,4.258371948276734,4.331057399487093,5.0,4.200727710893957,0.3174398528846114,soft_ood,1.2844569301855624,1.5049616482404553,1.091793131147678,1.078708959252195,1.7333916247827792,1.0134292875047046
ood_0421,carbon_copy_form,3.7223333170479576,5.0,3.7884953182339602,4.225517155347589,4.789145868924058,0.5040543696919544,strong_ood,1.1061128935426185,0.6136148555307429,1.7112868382251325,0.6152067230991357,1.0773112118765429,1.5131448389815394
ood_0422,carbon_copy_form,1.3290499963660491,1.0,1.0,1.6474038075628956,1.7273008094393547,0.30474249952312205,soft_ood,-1.396917336894915,-1.3938526450709123,-1.6299767811214279,-1.7669608852943703,-1.106661850164342,-1.0871345228235223
ood_0423,carbon_copy_form,2.7553196256526595,1.4074611455339245,2.9334965312649715,3.6441241407782736,2.6415458838204096,0.6710225243880327,strong_ood,-0.2656480991085692,-0.19750873411588,-1.2896180056539837,-0.11520526727250367,0.5848011818698369,-0.31070967037031555
ood_0424,carbon_copy_form,1.1270036366425247,1.2020904516051627,1.4595411532414113,2.105926180893428,1.5537321546288396,0.3313532419748463,soft_ood,-1.2703306601918796,-1.563327565676752,-1.461167412680016,-1.374382119672201,-0.7182380779677415,-1.2345381249626868
ood_0425,carbon_copy_form,1.503879604500015,1.0,1.0,1.0,1.6901792473333521,0.282927343320515,soft_ood,-1.483579135420051,-1.2472069247590103,-1.6299767811214279,-1.7669608852943703,-1.6550909862203664,-1.1186600997050804
ood_0426,carbon_copy_form,3.9528537261485983,3.4319969449899537,4.27883322049089,4.5930778437326145,2.7931732271506005,0.604926219666151,strong_ood,0.6898633767006178,0.806973588070224,0.40150894754279975,1.0340946661005432,1.388679462146794,-0.18193978035727207
ood_0427,carbon_copy_form,2.4511973888822856,3.4988750431528337,2.907345170532388,3.6594065953860104,3.202397835448569,0.4295813786483165,strong_ood,0.12611313855948522,-0.45260410926471767,0.45737328662347954,-0.1375459626450993,0.5977472647927772,0.16559521329098642
ood_0428,carbon_copy_form,3.789139250807688,3.259919297705593,3.3501614579077015,3.5938327490663724,3.3146157242104857,0.19856251194546856,in_distribution_like,0.3942521508004809,0.6696511549989539,0.25776975189930385,0.2407450136232843,0.5421983052951057,0.2608965281857567
ood_0429,carbon_copy_form,3.8077869016647696,4.161925406573899,5.0,3.856646366329267,4.5500345992037845,0.39931099407907783,strong_ood,1.0843221404873797,0.6852926600120302,1.0112298008968097,1.650176081465475,0.7648331483026443,1.3100790117599397
ood_0430,carbon_copy_form,2.561022051258596,2.541548796931197,1.7835648229585765,2.2623272789068776,1.4119302507990774,0.4559869481314783,strong_ood,-0.7482131211242051,-0.3604840336431757,-0.34229655296301087,-1.097573804698274,-0.5857474777276483,-1.3549637365889171
ood_0431,carbon_copy_form,4.671861977689808,3.4018192758778003,5.0,4.463268481912867,4.142717451564271,0.4915613579286998,strong_ood,1.13588569669347,1.4100721368965037,0.3763010605625206,1.650176081465475,1.2787152708288867,0.9641639337139649
ood_0432,carbon_copy_form,2.61610230089301,2.0775829537986956,2.8666056962644793,3.2349840981917115,3.9212027327071963,0.5727065967178954,strong_ood,-0.04044691593464931,-0.31428314714110955,-0.7298546010325311,-0.17234905352690746,0.23821020192742387,0.7760420200998777
ood_0433,carbon_copy_form,2.121392392822796,1.7954401973566774,1.918526735219582,2.4645936785236704,2.081807975248453,0.22995209881160786,in_distribution_like,-0.7755049540230432,-0.7292419838548606,-0.9655329329229992,-0.9822779698253538,-0.4144034332547194,-0.7860684502572828
ood_0434,carbon_copy_form,3.7240732288455525,3.781532314558333,4.673765938769878,3.968854776540501,4.504591034023428,0.3414459346312202,strong_ood,0.9622816616997865,0.615074280061638,0.6934814010462199,1.3714794638540637,0.859887210004913,1.2714859535320975
ood_0435,carbon_copy_form,1.0,1.0,1.5470005872399808,1.0,1.0,0.16557934108856154,in_distribution_like,-1.5918776812483517,-1.66985723176971,-1.6299767811214279,-1.2996669034200998,-1.6550909862203664,-1.7047965037101547
ood_0436,carbon_copy_form,2.4314607302270685,2.2835497895013424,3.7235400290685177,3.4370046032013963,2.9524546200801924,0.5030150747746877,strong_ood,-0.02091471516793386,-0.46915906557867704,-0.5578072273012351,0.5597164431506834,0.4093459440002716,-0.04666967011071211
ood_0437,carbon_copy_form,3.3060880785243616,3.9518624454057067,3.977205216304375,3.4934843613214954,4.1363594721842665,0.28777968681116883,soft_ood,0.658521315404681,0.26447157550394723,0.8357608684159372,0.7764186152716098,0.4571911135661765,0.9587644042657343
ood_0438,carbon_copy_form,2.9333798594244613,1.9344399198503808,2.4950744405396814,2.1644964346362374,2.234643699194011,0.30422669395314345,soft_ood,-0.5424428282110422,-0.04815319005744458,-0.8494242539561295,-0.48974235058788546,-0.6686220063853536,-0.6562723400683979
ood_0439,carbon_copy_form,4.0654246297653795,4.750409111273664,4.928956829437644,3.5393654448491727,3.380528580647896,0.5751440450882034,strong_ood,0.9613225835765764,0.9013971895599387,1.5027995991697123,1.5894850203743622,0.4960579269930558,0.31687318178581264
ood_0440,carbon_copy_form,2.2622176989565395,2.016913908763341,2.1854000571726906,1.7492325788702727,2.0824500392604226,0.1470263025780941,in_distribution_like,-0.7903734589860334,-0.6111188085154612,-0.7805324192818129,-0.7542922963533616,-1.020400594945626,-0.7855231758339052
ood_0441,carbon_copy_form,3.911623814452302,4.419613280949213,4.42587439882538,4.770426148756714,4.561475885523099,0.28032530127334354,soft_ood,1.2034581784425415,0.7723902576856676,1.2264805808460557,1.1597096276312215,1.538914874063055,1.3197955519867084
ood_0442,carbon_copy_form,1.78391175914368,1.0,1.0,1.654900390254366,1.980263426418371,0.39676989995731077,strong_ood,-1.2763745071221506,-1.0123181237914585,-1.6299767811214279,-1.7669608852943703,-1.1003113401413434,-0.8723054052621538
ood_0443,carbon_copy_form,1.0827132169382188,1.8970985381086871,2.04733047959252,1.0825078342313401,1.3246634212909236,0.36865913276017087,strong_ood,-1.2735218581601442,-1.6004780264584149,-0.8806161040335427,-0.8722429607368909,-1.58519689582926,-1.4290753037426132
ood_0444,carbon_copy_form,2.5794943940706423,2.2131405183625676,2.675338237212562,1.722076081766807,1.4059515632189834,0.4503284210474979,strong_ood,-0.7401606385572339,-0.3449895756595761,-0.616621211331409,-0.3357458297430403,-1.0434054244983386,-1.360041151553806
ood_0445,carbon_copy_form,4.479611554367363,4.218769218914481,4.3579587591113915,4.376873867392871,3.9283560507793083,0.18296962996642957,in_distribution_like,1.0793724563133003,1.2488139718219415,1.0587123414364472,1.1016903668592681,1.205528608582555,0.7821169928662888
ood_0446,carbon_copy_form,2.94982952895242,2.219143880216788,2.2981139877592933,1.890146581787629,1.0397265508396396,0.5932420723668922,strong_ood,-0.7752104941398852,-0.0343553347481094,-0.611606507692089,-0.6580025616342907,-0.9010294328125489,-1.671058633812388
ood_0447,carbon_copy_form,4.8972474997655615,3.922842425180309,3.9769494880368406,4.713185749460969,4.891027651333633,0.4238412122199454,strong_ood,1.2553874881347786,1.5991237659966873,0.8115199839629814,0.7762001506425005,1.4904253496479276,1.599668190423796
ood_0448,carbon_copy_form,1.6110062982118425,2.7687432930878852,2.8071828115190227,1.5395951666824912,1.0,0.6743153267384461,strong_ood,-0.8871531257690007,-1.1573498843430319,-0.15251737683198244,-0.22311308756070977,-1.1979887763991253,-1.7047965037101547
ood_0449,carbon_copy_form,3.2369367484771603,3.724221550945549,2.9317878862062607,2.9523325353394876,2.5996652255813686,0.3751218479058815,strong_ood,0.07758103059138922,0.2064679758074507,0.6456088086821286,-0.11666493582080165,-0.001229774496982009,-0.3462769212148495
ood_0450,carbon_copy_form,3.6733879375703453,2.8478588788227674,2.6889959791526845,3.3289545405430916,3.148890126671442,0.3477643612174102,strong_ood,0.12000378213834226,0.5725598505688038,-0.08643086974716854,-0.3240782360265256,0.3178145043914051,0.12015366150519662
ood_0451,carbon_copy_form,1.0,1.0,1.4227846137741698,1.5551180850851078,1.4926544126519135,0.21135679147677353,in_distribution_like,-1.4353728404977804,-1.66985723176971,-1.6299767811214279,-1.4057826521181205,-1.1848389916293034,-1.286408545850341
ood_0452,carbon_copy_form,4.325811783599543,3.1861966185939785,4.142385418315829,3.675991687409369,5.0,0.5599899925986166,strong_ood,0.9075070923515514,1.1198079161041372,0.19618802549020428,0.9175294588891595,0.6117968387735367,1.6922132225007191
ood_0453,carbon_copy_form,2.64949706651871,3.414609253848213,2.8204926097145955,2.8340741807456675,1.9384632062320037,0.4636667242928533,strong_ood,-0.22404861872049509,-0.28627187655543557,0.3869847325837167,-0.21174273670215848,-0.10140886903373282,-0.9078043438948652
ood_0454,carbon_copy_form,3.5544993148181563,3.755680737743223,4.047307702595463,5.0,2.967218351742379,0.6463975453649417,strong_ood,0.7360580634597295,0.4728369952328513,0.6718871677674523,0.8363060646133725,1.7333916247827792,-0.0341315350978082
ood_0455,carbon_copy_form,3.1427356051164463,2.7043844517893154,3.744134412001318,2.4224910230096808,4.044815390325813,0.5472819972637116,strong_ood,0.18588725081946186,0.1274527868484312,-0.20627734058553504,0.5773098999575033,-0.4500694622762718,0.8810203701531818
ood_0456,carbon_copy_form,2.289930114692715,3.7341216846001952,3.0477683961269353,2.9765063496267197,3.074578642482,0.43987951298159184,strong_ood,0.024942580132212587,-0.5878738489769126,0.6538785477838629,-0.01758461385240316,0.019248362841494324,0.05704445286502151
ood_0457,carbon_copy_form,4.306585225018653,2.7893348664217075,2.589742167273364,3.271050475354701,3.535067321505223,0.5811220656789405,strong_ood,0.2552746148671666,1.1036808277790682,-0.1353169081206307,-0.4088692034426891,0.2687627748920917,0.4481155832279931
ood_0458,carbon_copy_form,3.8083692806856604,4.218202096630366,4.016205006301708,4.605617850582857,4.044083893787575,0.276823591391975,soft_ood,0.966691359472776,0.6857811550211114,1.0582386151725383,0.809735521295549,1.3993023609352708,0.8803991449394107
ood_0459,carbon_copy_form,3.7151271372435013,4.076923854155164,4.873178529707554,3.872847889407467,3.8647450576252553,0.3679436518143965,strong_ood,0.9192569026476886,0.6075703677611894,0.9402266522256352,1.5418344978866863,0.7785577931082059,0.728095202256726
ood_0460,carbon_copy_form,3.7642729080832855,2.2790343640066193,2.7593537652857116,3.814562276845408,2.5665759082407957,0.6065294766290844,strong_ood,0.03560929597630985,0.648793459444615,-0.5615790340340822,-0.26397268805288804,0.7291828469486551,-0.37437810442475056
ood_0461,carbon_copy_form,3.59638754980504,3.422702015035029,4.369186593453941,3.5858442791060274,4.197800289810164,0.3251474091574688,soft_ood,0.7118747342107543,0.5079725220913159,0.3937447447171086,1.1112821288064136,0.5354311074078182,1.0109431680311152
ood_0462,carbon_copy_form,2.895425476066994,4.0945817789363055,3.1278972228239925,4.1986322768806446,4.822359461229381,0.6943057833251209,strong_ood,0.7043487568343559,-0.07998903265788626,0.9549765976417315,0.0508681800999987,1.0545364760804994,1.5413515630074364
ood_0463,carbon_copy_form,1.9899963275302266,2.795651243043832,2.7805551114704334,2.6072145856867577,2.9938590030999093,0.3185968192149462,soft_ood,-0.30409012997312057,-0.8394559850566113,-0.1300407382672317,-0.24586071210466662,-0.2935863172828156,-0.011506897154277503
ood_0464,carbon_copy_form,3.3998065028058266,4.277280212930141,3.9186518399377572,3.2240679580821374,3.1942731694782607,0.39816886388191164,strong_ood,0.5129449984964725,0.34308186344053515,1.1075875053455295,0.7263973885438668,0.2289629141922824,0.15869532096014852
ood_0465,carbon_copy_form,2.371987200292636,3.473964827680793,2.5289897552294525,2.293825359579792,1.5087480854263575,0.6075671691673687,strong_ood,-0.4750108807956515,-0.519045001546933,0.43656538744677603,-0.460769031696458,-0.5590648030676121,-1.2727409551140305
ood_0466,carbon_copy_form,4.181465389216862,3.953296962238566,4.894876473936813,2.8107534647342702,3.1946186695292242,0.6734919745898137,strong_ood,0.6867771081213595,0.9987312792311991,0.8369591431421805,1.5603707097188104,-0.12116432920392341,0.1589887377185309
ood_0467,carbon_copy_form,4.102815524147739,3.1807983844025447,5.0,5.0,5.0,0.6725975830088431,strong_ood,1.2400440210672676,0.9327603819752976,0.19167879461206666,1.650176081465475,1.7333916247827792,1.6922132225007191
ood_0468,carbon_copy_form,5.0,3.9939785462903563,5.0,5.0,4.3351903572937545,0.3899757099625365,strong_ood,1.4134885214641915,1.6853117668253677,0.8709411173345895,1.650176081465475,1.7333916247827792,1.1276220169127462
ood_0469,carbon_copy_form,4.38238412151949,4.72714368324522,4.2918439220111235,4.5285467930720165,4.111800695566546,0.21895899929679663,in_distribution_like,1.19355143101578,1.1672603546958993,1.4833656171047207,1.0452095033826103,1.3340138763884941,0.9379078035071754
ood_0470,watermarked_certificate,3.537699695272991,2.35287719345821,3.807698108785119,3.7643430324850082,3.725296188493521,0.49761151405276793,strong_ood,0.37735380476889974,0.45874560456131874,-0.4998969441350291,0.6316113644634634,0.686641087885422,0.6096679110693237
ood_0471,watermarked_certificate,4.78489326085897,3.7140116214731833,4.784420903019904,3.7079655331744625,4.697645839588111,0.45571083483417935,strong_ood,1.1364586419841474,1.5048819011866523,0.637080292206601,1.466010256077627,0.6388825438690156,1.4354382165808415
ood_0472,watermarked_certificate,1.5133505443849877,1.847935967654308,1.7810530872284676,1.522025146961299,1.6354840234525245,0.12681317194747715,in_distribution_like,-1.1277295100699036,-1.2392627737866058,-0.9216823810567376,-1.0997195409517957,-1.2128727029741857,-1.1651101515801934
ood_0473,watermarked_certificate,2.566020064520748,3.764403367585442,3.7665532013703698,3.4485430243956485,2.744617735469982,0.4797610648016083,strong_ood,0.22305764558929106,-0.35629173885524096,0.6791733192066605,0.5964619184332508,0.41912037889406,-0.223175649732275
ood_0474,watermarked_certificate,1.772643155083349,1.5894566511991763,1.896348820446228,3.163830920455872,2.077807975137393,0.5361260890316579,strong_ood,-0.7544238408307351,-1.0217701415416247,-1.137594265163012,-1.0012242129297733,0.17793487555854667,-0.7894654600778117
ood_0475,watermarked_certificate,1.0,1.0,1.4589002609651067,1.8423933106859185,1.0,0.31971338656365034,soft_ood,-1.4642084710889953,-1.66985723176971,-1.6299767811214279,-1.3749296238444688,-0.9414822149992153,-1.7047965037101547
ood_0476,watermarked_certificate,4.850193728922855,4.756409465796138,5.0,5.0,4.617345826766958,0.1396499742087919,in_distribution_like,1.5636556320242174,1.559655427697076,1.5078117907369932,1.650176081465475,1.7333916247827792,1.3672432354387634
ood_0477,watermarked_certificate,4.050277935691435,4.598969418387731,4.13058977688077,4.429562788088985,4.661182861708015,0.25095952811888367,in_distribution_like,1.1654157857523781,0.888692259962913,1.376299615078516,0.9074526282905634,1.2501624814753813,1.4044719439545175
ood_0478,watermarked_certificate,2.0236747160373514,2.880118972620168,3.2685945498273865,3.1316091954688936,3.15589915511924,0.4164392973720059,strong_ood,-0.0845762683767646,-0.8112068137961749,-0.059483500306678094,0.17106368940689765,0.1506391868548213,0.12610609595731118
ood_0479,watermarked_certificate,1.7531214270145323,2.600148212274088,2.1437028463731838,1.5270468486522137,3.016910804106093,0.5102716326766369,strong_ood,-0.6643909452756469,-1.038144815745499,-0.293347529312966,-0.7899135664618048,-1.2086187157598582,0.008069900901893457
ood_0480,watermarked_certificate,3.991809315597564,3.190940225989009,3.5375601267606718,2.8738783382709845,3.990148994082515,0.39756252565727573,strong_ood,0.4415082538405574,0.8396492345805158,0.2001504361935741,0.4008367433380522,-0.06768994512869118,0.8345948002193364
ood_0481,watermarked_certificate,2.8417399489827937,2.7374057262285074,3.0135653605612434,2.0301469038368647,3.286533581419058,0.37336838811518747,strong_ood,-0.1791804956346028,-0.12502003669442274,-0.17869414484850235,-0.04680372815413507,-0.7824322686128801,0.23704770013692622
ood_0482,watermarked_certificate,4.874164230349357,4.41638214114642,4.398839743056374,4.196180553989697,3.7339643820447117,0.3463921170693849,strong_ood,1.1219293141249396,1.5797616985138203,1.223781558378032,1.1366143472282473,1.0524595709847555,0.6170293955198421
ood_0483,watermarked_certificate,5.0,4.6684257704831085,5.0,4.779880991004911,5.0,0.11017112541641517,in_distribution_like,1.6017885895334565,1.6853117668253677,1.4343176106757185,1.650176081465475,1.5469242662000036,1.6922132225007191
ood_0484,watermarked_certificate,2.8259806599751762,2.847847689992259,2.491527892954833,1.4857987075843058,2.0778130478297907,0.48116480066905,strong_ood,-0.5500946304917562,-0.13823880617398732,-0.08644021595524867,-0.4927721103020252,-1.243560867946061,-0.7894611520814585
ood_0485,watermarked_certificate,2.73443551117651,1.9939560548948712,2.063807865164271,1.9091660270309463,2.175811581555201,0.2757414076678221,soft_ood,-0.6928111128213266,-0.21502616747925193,-0.7997094797590614,-0.8581665898986944,-0.8849176679430721,-0.7062356590265528
ood_0486,watermarked_certificate,2.503086458617171,2.4890027544649653,2.0390961142555755,1.8357929243930573,2.4031236995080896,0.2667033271475558,soft_ood,-0.6269620671326285,-0.4090799597296112,-0.3861890979712759,-0.8792774492845606,-0.9470735385440312,-0.5131902901336637
ood_0487,watermarked_certificate,2.3020820920845644,1.4181705707934518,1.5561153026289802,1.0,1.4119243886513688,0.39630021616033867,strong_ood,-1.232058632774806,-0.5776808645227222,-1.2806722524030414,-1.2918803456957886,-1.6550909862203664,-1.3549687150321126
ood_0488,watermarked_certificate,3.5788829440035372,2.735819666037575,2.4297408168078336,2.31201952775602,3.7038692693219755,0.5504459418988201,strong_ood,-0.03689322942367308,0.4932897944118584,-0.18001900615201635,-0.5455558357945043,-0.5436521474459083,0.5914710478622052
ood_0489,watermarked_certificate,1.6000619255265738,1.0,2.3095601972850375,1.0,1.7449268641957425,0.4207107890414542,strong_ood,-1.2343975009685684,-1.166529939328703,-1.6299767811214279,-0.648224245209366,-1.6550909862203664,-1.0721655529629788
ood_0490,watermarked_certificate,1.8594318064780095,1.0,1.0,1.048499591329516,2.016969573372145,0.4304620805781537,strong_ood,-1.3602097522548005,-0.9489724933943146,-1.6299767811214279,-1.7669608852943703,-1.6140059807551606,-0.8411326207087299
ood_0491,watermarked_certificate,2.0100360988235635,2.7806527714458102,1.9651938366522086,2.585165045978934,2.4553832099656274,0.3378908739257633,soft_ood,-0.5377401384754494,-0.8226467802110264,-0.14256920014129995,-0.9424110004661139,-0.31226493775296166,-0.46880877380584496
ood_0492,watermarked_certificate,1.6487490311318702,1.9623226836857321,1.5510394197156079,1.0,2.4696238014292033,0.4561187093075053,strong_ood,-1.0719694811846345,-1.1256915724891492,-0.8261333378536566,-1.296216592481346,-1.6550909862203664,-0.45671491687865423
ood_0493,watermarked_certificate,3.7822717990440133,3.2066683432827876,4.909643632019207,2.7144865914648495,3.280256582572123,0.6756587117319023,strong_ood,0.4958336380894429,0.6638907896847468,0.21328838272220343,1.5729860601631438,-0.20271398572619234,0.231716943603313
ood_0494,watermarked_certificate,1.7795762591915054,1.458863121004145,1.0,1.3778512047276672,2.0709899639832474,0.36552358810869773,strong_ood,-1.2319715621010738,-1.015954707549695,-1.2466811180036859,-1.7669608852943703,-1.335005427028794,-0.7952556726288235
ood_0495,watermarked_certificate,4.116793700484441,2.8909975063707813,4.766863785252265,4.473999207460775,4.02152154795432,0.5832526904292167,strong_ood,0.8988287349770003,0.9444851679507467,-0.050396488043488515,1.4510114870392379,1.2878054900595197,0.8612380178789855
ood_0496,watermarked_certificate,1.8151272547093587,1.445375711713179,2.112783522163358,2.0756365148229676,1.6392333418349825,0.21911491869139924,in_distribution_like,-0.9932465489855267,-0.9861348080420217,-1.2579473654994713,-0.8163274578979617,-0.7438970796609532,-1.1619260338272257
ood_0497,watermarked_certificate,1.0,1.9623099041568113,1.698475435849581,1.0709460450181634,1.7092257770427615,0.3537244550105765,strong_ood,-1.2727482972197786,-1.66985723176971,-0.8261440127974206,-1.1702643272405457,-1.5949911262544934,-1.1024847880367232
ood_0498,watermarked_certificate,1.9760487724806015,1.0,1.683690706021629,1.0,1.6256742941909885,0.3413780084313195,strong_ood,-1.298511726086843,-0.8511550861337864,-1.6299767811214279,-1.1828946889502088,-1.6550909862203664,-1.1734410880084267
ood_0499,watermarked_certificate,3.7760708614307688,3.8576049991781853,4.495468348382363,3.8100181312639565,3.343367613451519,0.3327382521944991,soft_ood,0.7291051610349328,0.6586894912742017,0.7570261244328043,1.219162642054718,0.7253334073775013,0.2853141400354388
ood_0500,watermarked_certificate,2.2966467133558712,1.0,1.9610651166157187,1.7203190401695463,1.805171250267056,0.3764085510456645,strong_ood,-1.044810322490991,-0.5822400180742557,-1.6299767811214279,-0.9459381009316369,-1.0448938507231205,-1.0210028616045148
ood_0501,watermarked_certificate,3.8343324352745856,2.7133746411253234,3.2434817493385752,3.9035244064886476,3.0985542380467046,0.4304875727570851,strong_ood,0.308070333016814,0.7075588478667347,-0.19876769244567477,0.14961021968460222,0.8045445042821364,0.07740578569627159
ood_0502,watermarked_certificate,1.6351182413452423,1.5820756876997668,1.0,1.2093185637326103,1.3758630925192032,0.2617738401495294,in_distribution_like,-1.3822424652631717,-1.1371249733187643,-1.1437597013670875,-1.7669608852943703,-1.4777729078783406,-1.3855938584572969
ood_0503,watermarked_certificate,5.0,5.0,5.0,4.8634108237353555,5.0,0.03726096184667584,in_distribution_like,1.6713344043286953,1.6853117668253677,1.7112868382251325,1.650176081465475,1.6176841126267814,1.6922132225007191
ood_0504,watermarked_certificate,1.0,2.0303230544204705,1.2920633965904154,2.910584822363411,3.10443751486467,0.8111974923449634,strong_ood,-0.7821674915902574,-1.66985723176971,-0.7693315466441417,-1.517455728012733,-0.03659512436412831,0.08240217283942636
ood_0505,watermarked_certificate,3.9373264161063064,2.437741322950253,2.693423087664096,2.486684693249869,2.856929873906469,0.5108908795901981,strong_ood,-0.09576787695449321,0.793949400748856,-0.4290085870202091,-0.32029622698897514,-0.39568967843993486,-0.12779429307220297
ood_0506,watermarked_certificate,5.0,4.22473484738465,3.8227418261148514,4.687118246074929,4.082437254906874,0.42040964977597817,strong_ood,1.1549568254024287,1.6853117668253677,1.0636955257799257,0.644462975114692,1.4683430291639623,0.9129708301281947
ood_0507,watermarked_certificate,2.1203791024771137,1.0628138133934137,2.273594154343639,2.313077740752803,1.3960609451664114,0.4615648268703359,strong_ood,-0.9795490585939829,-0.7300919239434627,-1.5775074037504686,-0.6789494689301473,-0.5427557133613242,-1.3684407829845118
ood_0508,watermarked_certificate,2.8470537910130527,1.8615385717055786,1.4793282892429382,2.451451307891004,1.9331198333081436,0.48021923892181656,strong_ood,-0.7452479682227846,-0.12056282718358362,-0.9103199095455159,-1.3574782811979205,-0.42553660684375666,-0.9123422163431464
ood_0509,watermarked_certificate,3.651464748418511,3.361705774252319,4.420277598415398,4.357716575624748,3.8151026162176307,0.3738137410828733,strong_ood,0.7854258285143818,0.5541708494206612,0.34279361465606556,1.1549283692370895,1.1893000710750052,0.6859362381830875
ood_0510,watermarked_certificate,1.9728358174140666,1.0,1.70222627969858,2.1608370158814303,2.324866632660696,0.426816494918852,strong_ood,-0.980451835908082,-0.8538500879420657,-1.6299767811214279,-1.1670600404473062,-0.6717219755896143,-0.5796502944399964
ood_0511,watermarked_certificate,1.800716702490501,1.0,1.0,1.0239818068034763,1.2358192401115646,0.2991196964424823,soft_ood,-1.5068923753995025,-0.9982222675563582,-1.6299767811214279,-1.7669608852943703,-1.6347755023868624,-1.504526440638494
ood_0512,watermarked_certificate,1.762448286989943,3.584626373876301,3.3206423650287675,2.3264704674463403,2.5131711714692693,0.6205701700257734,strong_ood,-0.24738682561320444,-1.0303215178845653,0.5290027370376986,0.21552731774782868,-0.5314104579825819,-0.4197322069844023
ood_0513,watermarked_certificate,1.3753811705672725,1.0,1.4210663759976214,1.1950458947833897,1.9826900550820077,0.2878434996702476,soft_ood,-1.3504651754827028,-1.3549904152337993,-1.6299767811214279,-1.4072505155741022,-1.4898635805151001,-0.8702445849690849
ood_0514,watermarked_certificate,4.949561619236173,4.700191874022188,5.0,5.0,4.314892473828636,0.24944671347200925,in_distribution_like,1.5195616964850622,1.6430044439558356,1.4608523421965993,1.650176081465475,1.7333916247827792,1.1103839900246208
ood_0515,watermarked_certificate,4.632096450548519,3.1662502584621084,4.346338292367426,4.232633859187455,3.527575743347927,0.5013345167721752,strong_ood,0.8346200161470018,1.3767171209271927,0.1795265136284537,1.0917631852388159,1.0833399186788044,0.4417533422617421
ood_0516,watermarked_certificate,2.5320054695307945,2.126509922630273,3.1314648078862675,3.464260861953055,3.6428502165260643,0.5252289786742025,strong_ood,-0.009561275778095957,-0.38482291750775566,-0.6889851257920678,0.05391591179958869,0.43243528370552103,0.539650468904234
ood_0517,watermarked_certificate,2.6824143483910596,2.318609312155168,2.5599261416746186,2.2630859647357746,2.2339874043711134,0.15406200111809962,in_distribution_like,-0.492691521930208,-0.25866111564140465,-0.5285214504125142,-0.4343405642615216,-0.5851047792930404,-0.6568297000425589
ood_0518,watermarked_certificate,3.537062601561371,2.353799913605524,3.3082723661194064,3.2422093073809215,4.405525094667503,0.6044272823016785,strong_ood,0.31914592921707197,0.45821121529371195,-0.49912618132026426,0.2049598226098395,0.2443308258520484,1.187353963650024
ood_0519,watermarked_certificate,3.5053386082596596,3.281999188334638,4.146380715222243,3.509337428043948,3.922483948008259,0.2651716561976414,in_distribution_like,0.5753016116972314,0.4316013755843268,0.2762134357187986,0.9209425780771815,0.4706205737962024,0.7771300953096478
